x	y	label	simulation	region
0.8450747927979015	0.8181762117975732	matched_background	planted_true_niche	right_region
0.16097309116910696	0.04027035389848821	outer_tissue	planted_true_niche	left_region
0.5577445473656921	0.9574124378076317	outer_tissue	planted_true_niche	right_region
0.36807994166427127	0.7004788501951753	matched_background	planted_true_niche	left_region
0.21494196356176842	0.8109250493218715	matched_background	planted_true_niche	left_region
0.3858240375891985	0.7183347058480399	matched_background	planted_true_niche	left_region
0.42816449909360843	0.5578727415610361	true_niche	planted_true_niche	left_region
0.6113431084989805	0.033752902418371256	outer_tissue	planted_true_niche	right_region
0.7363858705132865	0.30043893136062527	matched_background	planted_true_niche	right_region
0.015289656596711554	0.29064040918739775	outer_tissue	planted_true_niche	left_region
0.25404091379263927	0.11465827437828091	outer_tissue	planted_true_niche	left_region
0.6041458545639301	0.0562128447475837	outer_tissue	planted_true_niche	right_region
0.08373669468714318	0.3748414986284021	outer_tissue	planted_true_niche	left_region
0.9977636809229765	0.06725353033687353	outer_tissue	planted_true_niche	right_region
0.8323461245007039	0.33116501383234354	matched_background	planted_true_niche	right_region
0.03677735766732482	0.17141621877542923	outer_tissue	planted_true_niche	left_region
0.5675398131484446	0.22672590647445767	matched_background	planted_true_niche	right_region
0.6093401370451035	0.8024721907851083	matched_background	planted_true_niche	right_region
0.006926579514268227	0.5032051691187814	outer_tissue	planted_true_niche	left_region
0.17908387391323455	0.6632957234945903	matched_background	planted_true_niche	left_region
0.1649222135263957	0.16126752950039214	matched_background	planted_true_niche	left_region
0.4619579095338642	0.19831639715664662	matched_background	planted_true_niche	left_region
0.5670036162272926	0.6188004421943522	true_niche	planted_true_niche	right_region
0.4519092238371517	0.7405753460379275	matched_background	planted_true_niche	left_region
0.9197756801082628	0.8115445037041894	outer_tissue	planted_true_niche	right_region
0.8149242068691576	0.6419373825069604	matched_background	planted_true_niche	right_region
0.4011660544999416	0.6182381493838225	true_niche	planted_true_niche	left_region
0.20316155646183076	0.005638376643550491	outer_tissue	planted_true_niche	left_region
0.3583255385153601	0.6252568309141403	true_niche	planted_true_niche	left_region
0.8620350362373671	0.656923547386592	outer_tissue	planted_true_niche	right_region
0.3488155545829247	0.4281870028219692	true_niche	planted_true_niche	left_region
0.9910656220413977	0.08863516892003354	outer_tissue	planted_true_niche	right_region
0.5657688395075618	0.8057133143409505	matched_background	planted_true_niche	right_region
0.23684585322832985	0.024267585095487654	outer_tissue	planted_true_niche	left_region
0.6586973050511808	0.9766045286771201	outer_tissue	planted_true_niche	right_region
0.6602265108956333	0.8736380317661332	outer_tissue	planted_true_niche	right_region
0.5146075732137881	0.5226403526444496	true_niche	planted_true_niche	right_region
0.27909297165915103	0.8912793451503127	outer_tissue	planted_true_niche	left_region
0.6299181968345015	0.10411240348270212	outer_tissue	planted_true_niche	right_region
0.4791908236731046	0.4707254928531206	true_niche	planted_true_niche	left_region
0.6532888148767352	0.8792691719315088	outer_tissue	planted_true_niche	right_region
0.542240277088826	0.3033397880053511	true_niche	planted_true_niche	right_region
0.1212111448228328	0.6445030646817808	outer_tissue	planted_true_niche	left_region
0.9087380258134665	0.5106417421889452	outer_tissue	planted_true_niche	right_region
0.017213260387557106	0.7297583098618534	outer_tissue	planted_true_niche	left_region
0.3107606288937099	0.3865590196874472	matched_background	planted_true_niche	left_region
0.1713635614270761	0.6848384463862763	matched_background	planted_true_niche	left_region
0.343049972540729	0.2545589445521268	matched_background	planted_true_niche	left_region
0.6175147346249099	0.699977333230189	matched_background	planted_true_niche	right_region
0.5508373261068352	0.8075033238885498	matched_background	planted_true_niche	right_region
0.7160952791161002	0.43942228975390496	true_niche	planted_true_niche	right_region
0.4894537339227958	0.11967643675284068	outer_tissue	planted_true_niche	left_region
0.8414979981084841	0.49677544780933036	matched_background	planted_true_niche	right_region
0.34795070462873834	0.5508139219383273	true_niche	planted_true_niche	left_region
0.5480450225087113	0.2926900534870167	true_niche	planted_true_niche	right_region
0.5044392907957987	0.11119402230039432	outer_tissue	planted_true_niche	right_region
0.02205567102800221	0.20264564691090092	outer_tissue	planted_true_niche	left_region
0.22797893483529275	0.4679775832607159	matched_background	planted_true_niche	left_region
0.08365723597744557	0.695091126309985	outer_tissue	planted_true_niche	left_region
0.248819790862154	0.8019843226018504	matched_background	planted_true_niche	left_region
0.006587802185156644	0.27398611691713803	outer_tissue	planted_true_niche	left_region
0.2932082928393731	0.5713293452216907	matched_background	planted_true_niche	left_region
0.3738872529624032	0.9327021781763091	outer_tissue	planted_true_niche	left_region
0.6468235747897353	0.5684486746266921	true_niche	planted_true_niche	right_region
0.8437205970214595	0.07244857911020164	outer_tissue	planted_true_niche	right_region
0.41549010105740614	0.04895782933414172	outer_tissue	planted_true_niche	left_region
0.6316684825474632	0.9415610986135133	outer_tissue	planted_true_niche	right_region
0.5197653470671891	0.17536442347230596	matched_background	planted_true_niche	right_region
0.23072709282616344	0.4151137906649577	matched_background	planted_true_niche	left_region
0.19892505243418024	0.5547198423149363	matched_background	planted_true_niche	left_region
0.4522872424681784	0.4057168292539619	true_niche	planted_true_niche	left_region
0.7943634453173759	0.2565769918999411	matched_background	planted_true_niche	right_region
0.5932773814789916	0.9183794463187404	outer_tissue	planted_true_niche	right_region
0.6993220575428267	0.9515499673897654	outer_tissue	planted_true_niche	right_region
0.7302242503955039	0.5251264299661605	true_niche	planted_true_niche	right_region
0.6212652912839011	0.9528857077572551	outer_tissue	planted_true_niche	right_region
0.24428891151275423	0.32564204950433384	matched_background	planted_true_niche	left_region
0.4417035314893507	0.2398658804468864	matched_background	planted_true_niche	left_region
0.5136558471949686	0.5395848232643025	true_niche	planted_true_niche	right_region
0.011112304685085839	0.9995811454792977	outer_tissue	planted_true_niche	left_region
0.29550455908663187	0.18633493993703198	matched_background	planted_true_niche	left_region
0.35926828988924464	0.6068407438333907	true_niche	planted_true_niche	left_region
0.010340367028021435	0.5978438480922748	outer_tissue	planted_true_niche	left_region
0.5621674029229455	0.7718469833388991	matched_background	planted_true_niche	right_region
0.5489025853260655	0.4796792310249838	true_niche	planted_true_niche	right_region
0.08948358737294215	0.7176454886364907	outer_tissue	planted_true_niche	left_region
0.24923149509773368	0.8298114421286296	matched_background	planted_true_niche	left_region
0.9042858092692657	0.37143085364508155	outer_tissue	planted_true_niche	right_region
0.43826358567892243	0.9680674432573488	outer_tissue	planted_true_niche	left_region
0.26045402772645454	0.5984053677240591	matched_background	planted_true_niche	left_region
0.8626849615310678	0.48878383850717433	outer_tissue	planted_true_niche	right_region
0.45567156468502124	0.2375797883198204	matched_background	planted_true_niche	left_region
0.625348532812831	0.3834909415778185	true_niche	planted_true_niche	right_region
0.9038509374768767	0.6452020471306361	outer_tissue	planted_true_niche	right_region
0.5449775500533951	0.503055608927778	true_niche	planted_true_niche	right_region
0.15751202368575135	0.239698870300041	matched_background	planted_true_niche	left_region
0.7139278126492195	0.603407925780192	true_niche	planted_true_niche	right_region
0.9355076481705396	0.6803100819502507	outer_tissue	planted_true_niche	right_region
0.4183258821200093	0.45988673956004	true_niche	planted_true_niche	left_region
0.66174286811259	0.2847091073138992	matched_background	planted_true_niche	right_region
0.8742693156268354	0.47237350780194176	outer_tissue	planted_true_niche	right_region
0.15612833255961667	0.23591732347792904	matched_background	planted_true_niche	left_region
0.7824603890528806	0.4386579688651835	matched_background	planted_true_niche	right_region
0.47384335650314746	0.9543767330382688	outer_tissue	planted_true_niche	left_region
0.5525884678082529	0.2388997237444902	matched_background	planted_true_niche	right_region
0.924251318419947	0.6936744359935191	outer_tissue	planted_true_niche	right_region
0.8131539896897586	0.19118348109246908	matched_background	planted_true_niche	right_region
0.1339331171426752	0.9311866725783725	outer_tissue	planted_true_niche	left_region
0.41476587562765754	0.22302800700337766	matched_background	planted_true_niche	left_region
0.6757789965345686	0.10056676355993488	outer_tissue	planted_true_niche	right_region
0.8117210236657704	0.8618523614451096	outer_tissue	planted_true_niche	right_region
0.16072071423238365	0.9004860598246687	outer_tissue	planted_true_niche	left_region
0.7012552619418484	0.13747007156031255	outer_tissue	planted_true_niche	right_region
0.5189192122338246	0.9341553764996106	outer_tissue	planted_true_niche	right_region
0.07775805177652295	0.11119541867640792	outer_tissue	planted_true_niche	left_region
0.5194571140757589	0.5539185157429609	true_niche	planted_true_niche	right_region
0.44880209980255137	0.8792692572632036	outer_tissue	planted_true_niche	left_region
0.4438530537878286	0.050367193988286374	outer_tissue	planted_true_niche	left_region
0.26754900893414046	0.8237518268665868	matched_background	planted_true_niche	left_region
0.3652111937947511	0.9676040284409925	outer_tissue	planted_true_niche	left_region
0.7618762843168944	0.3461652466848467	matched_background	planted_true_niche	right_region
0.3422851877813836	0.8517146812429308	outer_tissue	planted_true_niche	left_region
0.8588403249217756	0.43553455919855133	outer_tissue	planted_true_niche	right_region
0.7020627130703379	0.8210475756300956	matched_background	planted_true_niche	right_region
0.7523819946824729	0.616453341412162	matched_background	planted_true_niche	right_region
0.40265173918937536	0.26523340651103644	matched_background	planted_true_niche	left_region
0.1727240254801995	0.7701751078236542	matched_background	planted_true_niche	left_region
0.009672035852369198	0.7150870940399291	outer_tissue	planted_true_niche	left_region
0.4070434118548033	0.06855405841353657	outer_tissue	planted_true_niche	left_region
0.46568139478147463	0.8441562795067117	matched_background	planted_true_niche	left_region
0.38507744283578227	0.62812178011253	true_niche	planted_true_niche	left_region
0.10340466100060086	0.15524405807258657	outer_tissue	planted_true_niche	left_region
0.04342622242620808	0.3808528224304276	outer_tissue	planted_true_niche	left_region
0.8776220941596339	0.5104968356218691	outer_tissue	planted_true_niche	right_region
0.39085659129299755	0.9189270309715508	outer_tissue	planted_true_niche	left_region
0.867606287546253	0.4162987442232364	outer_tissue	planted_true_niche	right_region
0.8329384407074013	0.5003272733462102	matched_background	planted_true_niche	right_region
0.5746488046391685	0.5879091707418349	true_niche	planted_true_niche	right_region
0.8642339232239984	0.262727239425148	outer_tissue	planted_true_niche	right_region
0.9518410277611336	0.9918416724612121	outer_tissue	planted_true_niche	right_region
0.6370916108177945	0.9682593542650157	outer_tissue	planted_true_niche	right_region
0.0028034252661243153	0.770910403738687	outer_tissue	planted_true_niche	left_region
0.6409726957353606	0.6838072151436801	matched_background	planted_true_niche	right_region
0.49333620470935413	0.8835316554583839	outer_tissue	planted_true_niche	left_region
0.7907170849412407	0.7898722905836468	matched_background	planted_true_niche	right_region
0.35912964926768165	0.30471982571170453	matched_background	planted_true_niche	left_region
0.6934470330837736	0.20483185623893962	matched_background	planted_true_niche	right_region
0.36510413947423004	0.5475321762311041	true_niche	planted_true_niche	left_region
0.5840049511306917	0.4892122438126504	true_niche	planted_true_niche	right_region
0.4516839380421973	0.7294558190722239	matched_background	planted_true_niche	left_region
0.21074874172821534	0.2954697810168613	matched_background	planted_true_niche	left_region
0.3203108738749917	0.2116757690661707	matched_background	planted_true_niche	left_region
0.06379676704320958	0.8238247529696339	outer_tissue	planted_true_niche	left_region
0.6236744800627755	0.16277570303076783	matched_background	planted_true_niche	right_region
0.8922562157329745	0.8449896766487747	outer_tissue	planted_true_niche	right_region
0.595472912094152	0.95862131670121	outer_tissue	planted_true_niche	right_region
0.17007386194511487	0.23965954739537842	matched_background	planted_true_niche	left_region
0.5380988239732555	0.05342852819545263	outer_tissue	planted_true_niche	right_region
0.2598765200516817	0.5418271042353208	matched_background	planted_true_niche	left_region
0.38352291509992986	0.1050194995839131	outer_tissue	planted_true_niche	left_region
0.002521056523359322	0.1270563904810017	outer_tissue	planted_true_niche	left_region
0.9590175508917154	0.3622457183888278	outer_tissue	planted_true_niche	right_region
0.5229216822437527	0.7462937161532889	matched_background	planted_true_niche	right_region
0.5715117886728078	0.20711017559206868	matched_background	planted_true_niche	right_region
0.0947105423916732	0.1789706017220265	outer_tissue	planted_true_niche	left_region
0.1317723807728588	0.525361429169749	outer_tissue	planted_true_niche	left_region
0.8821957795171357	0.5590691953527052	outer_tissue	planted_true_niche	right_region
0.8459048714458536	0.4831206922308492	matched_background	planted_true_niche	right_region
0.673646848376582	0.9838185461131772	outer_tissue	planted_true_niche	right_region
0.6949336534928571	0.3702378554244964	true_niche	planted_true_niche	right_region
0.9315138008962506	0.9771760421674889	outer_tissue	planted_true_niche	right_region
0.676333669736055	0.8480661549464841	matched_background	planted_true_niche	right_region
0.6015091614439741	0.8862655177927518	outer_tissue	planted_true_niche	right_region
0.14844343447808706	0.9439231491524184	outer_tissue	planted_true_niche	left_region
0.22946722121687357	0.765438184930556	matched_background	planted_true_niche	left_region
0.21910880659612242	0.651025216934477	matched_background	planted_true_niche	left_region
0.04363493539725294	0.36892987713752257	outer_tissue	planted_true_niche	left_region
0.41377060430651424	0.9728746380415467	outer_tissue	planted_true_niche	left_region
0.04596095907334374	0.8046934784357807	outer_tissue	planted_true_niche	left_region
0.9083413427853847	0.9564486599504437	outer_tissue	planted_true_niche	right_region
0.6229694325200621	0.7346335236252259	matched_background	planted_true_niche	right_region
0.33354003719429604	0.45058350469485486	true_niche	planted_true_niche	left_region
0.2645798759562531	0.5975207042800356	matched_background	planted_true_niche	left_region
0.7372897960147691	0.08901250421392759	outer_tissue	planted_true_niche	right_region
0.8983429430491892	0.6994445606677812	outer_tissue	planted_true_niche	right_region
0.9948352081021155	0.2969267818785618	outer_tissue	planted_true_niche	right_region
0.08406429809075222	0.6893266186522846	outer_tissue	planted_true_niche	left_region
0.445274355159631	0.1904153193351793	matched_background	planted_true_niche	left_region
0.9731613312588961	0.71006678590758	outer_tissue	planted_true_niche	right_region
0.5871373487411604	0.7954120661263749	matched_background	planted_true_niche	right_region
0.8007125569220624	0.21282132294801026	matched_background	planted_true_niche	right_region
0.3851032335263366	0.576367696084789	true_niche	planted_true_niche	left_region
0.874849242788109	0.8151200151757341	outer_tissue	planted_true_niche	right_region
0.9648019032633127	0.6751483741072539	outer_tissue	planted_true_niche	right_region
0.26847510675132813	0.7115629665352919	matched_background	planted_true_niche	left_region
0.33385908393826724	0.024086312254464448	outer_tissue	planted_true_niche	left_region
0.4185357637873196	0.23863024408761246	matched_background	planted_true_niche	left_region
0.9626800939145721	0.5190739675526966	outer_tissue	planted_true_niche	right_region
0.06710211930707255	0.20769298634070588	outer_tissue	planted_true_niche	left_region
0.6068523098684827	0.6762516160365339	true_niche	planted_true_niche	right_region
0.575295831636558	0.05624792589111116	outer_tissue	planted_true_niche	right_region
0.7667708052065768	0.23851754639613998	matched_background	planted_true_niche	right_region
0.07901792979569866	0.3960434421465686	outer_tissue	planted_true_niche	left_region
0.15900961923224088	0.26135974776867954	matched_background	planted_true_niche	left_region
0.7912845819978765	0.7284558469715231	matched_background	planted_true_niche	right_region
0.9452980968770944	0.6717702016878391	outer_tissue	planted_true_niche	right_region
0.5393511401274259	0.5469898347041947	true_niche	planted_true_niche	right_region
0.5150306724938155	0.28789743431665893	true_niche	planted_true_niche	right_region
0.7102031197425235	0.8613667061107857	outer_tissue	planted_true_niche	right_region
0.1993606133041279	0.9447023143400914	outer_tissue	planted_true_niche	left_region
0.8272992964658565	0.5954501797135582	matched_background	planted_true_niche	right_region
0.024747640141973726	0.5453309771737788	outer_tissue	planted_true_niche	left_region
0.6291126725108648	0.9314668008068839	outer_tissue	planted_true_niche	right_region
0.8420567082264397	0.45364202593126257	matched_background	planted_true_niche	right_region
0.12815983080589144	0.9922426561263066	outer_tissue	planted_true_niche	left_region
0.3605568081599708	0.42814932762307767	true_niche	planted_true_niche	left_region
0.27346720164667027	0.10406412985792901	outer_tissue	planted_true_niche	left_region
0.7765393187386856	0.7609278051446348	matched_background	planted_true_niche	right_region
0.1789451928029917	0.09969671690195792	outer_tissue	planted_true_niche	left_region
0.3993176973675244	0.13641208223300416	outer_tissue	planted_true_niche	left_region
0.5833617174645266	0.5543830535959178	true_niche	planted_true_niche	right_region
0.03896324835787124	0.9822691088136741	outer_tissue	planted_true_niche	left_region
0.3754126391447896	0.18270022411461295	matched_background	planted_true_niche	left_region
0.17604688335866914	0.36997811737414066	matched_background	planted_true_niche	left_region
0.26802116959141953	0.28123546124836296	matched_background	planted_true_niche	left_region
0.17006094784639503	0.2621708219933875	matched_background	planted_true_niche	left_region
0.39006013342239754	0.9825223741748339	outer_tissue	planted_true_niche	left_region
0.039687332503602124	0.4700037680612641	outer_tissue	planted_true_niche	left_region
0.24490550618137008	0.11038946903249958	outer_tissue	planted_true_niche	left_region
0.21563957354634544	0.8916809252955802	outer_tissue	planted_true_niche	left_region
0.6783375233751973	0.29273871995087275	matched_background	planted_true_niche	right_region
0.6882302007137356	0.15419428413931302	matched_background	planted_true_niche	right_region
0.40973635033242495	0.6218081631754906	true_niche	planted_true_niche	left_region
0.10691179363616032	0.7169381933690903	outer_tissue	planted_true_niche	left_region
0.5281129151974673	0.956285044864967	outer_tissue	planted_true_niche	right_region
0.5201235141406358	0.26358951299913636	matched_background	planted_true_niche	right_region
0.5173141948388994	0.9067536260788949	outer_tissue	planted_true_niche	right_region
0.37958570278653847	0.7379222375751789	matched_background	planted_true_niche	left_region
0.26968233402931774	0.9756053810973492	outer_tissue	planted_true_niche	left_region
0.01860624238817865	0.3846142172030529	outer_tissue	planted_true_niche	left_region
0.12997300270409584	0.6789597323667097	outer_tissue	planted_true_niche	left_region
0.1402912312589666	0.9914301457980527	outer_tissue	planted_true_niche	left_region
0.30855855894807127	0.6908649705308926	matched_background	planted_true_niche	left_region
0.2716409023504296	0.06661595698307199	outer_tissue	planted_true_niche	left_region
0.43123889068490096	0.5155822335086214	true_niche	planted_true_niche	left_region
0.8646897179085887	0.34176145857904483	outer_tissue	planted_true_niche	right_region
0.9194703330779433	0.6384812426954414	outer_tissue	planted_true_niche	right_region
0.390451606464185	0.18419035134394313	matched_background	planted_true_niche	left_region
0.5653731315982493	0.35929026449369117	true_niche	planted_true_niche	right_region
0.9370988707938885	0.11871663093012097	outer_tissue	planted_true_niche	right_region
0.6742149324851457	0.8389937515112607	matched_background	planted_true_niche	right_region
0.0476765853317469	0.5493529322002556	outer_tissue	planted_true_niche	left_region
0.42425022261109924	0.8540494885975723	outer_tissue	planted_true_niche	left_region
0.7727163936984948	0.16918377821600783	matched_background	planted_true_niche	right_region
0.3948151918601872	0.5814428435608808	true_niche	planted_true_niche	left_region
0.9377127960785537	0.5226628946243634	outer_tissue	planted_true_niche	right_region
0.22230366710778282	0.44550437530148235	matched_background	planted_true_niche	left_region
0.7760989581437184	0.9410640621155395	outer_tissue	planted_true_niche	right_region
0.668871374097281	0.28946469929195695	matched_background	planted_true_niche	right_region
0.6685098586673947	0.07113658897775821	outer_tissue	planted_true_niche	right_region
0.3268692491283369	0.5390601272505628	true_niche	planted_true_niche	left_region
0.3089784782003888	0.04131332437640289	outer_tissue	planted_true_niche	left_region
0.4291330892345422	0.340513151589263	true_niche	planted_true_niche	left_region
0.6911799797423998	0.6860790953147363	matched_background	planted_true_niche	right_region
0.36989407812040687	0.4690128486002738	true_niche	planted_true_niche	left_region
0.9581829604331671	0.5192863821817661	outer_tissue	planted_true_niche	right_region
0.5931647976995769	0.73532770006531	matched_background	planted_true_niche	right_region
0.4385661698997896	0.005953470414557294	outer_tissue	planted_true_niche	left_region
0.6334826034623469	0.4732720091873386	true_niche	planted_true_niche	right_region
0.12962656100901881	0.18313126817016134	outer_tissue	planted_true_niche	left_region
0.7023071006059881	0.6855917557721213	matched_background	planted_true_niche	right_region
0.14863320590947338	0.2663966309214757	outer_tissue	planted_true_niche	left_region
0.8198076575891757	0.5814417335779083	matched_background	planted_true_niche	right_region
0.05247831066970865	0.18391352714413967	outer_tissue	planted_true_niche	left_region
0.6709879126917236	0.6030728286407103	true_niche	planted_true_niche	right_region
0.7567086070913377	0.2871433012319706	matched_background	planted_true_niche	right_region
0.2005765144890026	0.4961127841345324	matched_background	planted_true_niche	left_region
0.11949527975254293	0.6579849494512032	outer_tissue	planted_true_niche	left_region
0.7576982641995883	0.7036539047606624	matched_background	planted_true_niche	right_region
0.2896778843370508	0.993833217813597	outer_tissue	planted_true_niche	left_region
0.5029538339477747	0.5097704201394372	true_niche	planted_true_niche	right_region
0.333525076580541	0.05258155390807817	outer_tissue	planted_true_niche	left_region
0.16359600127154394	0.4505385322322055	matched_background	planted_true_niche	left_region
0.9509620534232018	0.9795015948090546	outer_tissue	planted_true_niche	right_region
0.3118060519698225	0.9906725732458003	outer_tissue	planted_true_niche	left_region
0.47532316139744346	0.8189305085473065	matched_background	planted_true_niche	left_region
0.3658673475302562	0.13313987274325434	outer_tissue	planted_true_niche	left_region
0.821298138433507	0.2373921361974236	matched_background	planted_true_niche	right_region
0.8106839087804215	0.7819961000719617	matched_background	planted_true_niche	right_region
0.867876424163315	0.8215152126797345	outer_tissue	planted_true_niche	right_region
0.2896566586356105	0.06587544219622665	outer_tissue	planted_true_niche	left_region
0.6265211566165988	0.559091701905801	true_niche	planted_true_niche	right_region
0.011112175305134309	0.4518022760844609	outer_tissue	planted_true_niche	left_region
0.27797740769519685	0.6956686499968763	matched_background	planted_true_niche	left_region
0.5206812772659678	0.31019754727073245	true_niche	planted_true_niche	right_region
0.33289827461363863	0.3887312384216447	true_niche	planted_true_niche	left_region
0.9867155301720882	0.11659330729039619	outer_tissue	planted_true_niche	right_region
0.6581348460067986	0.10297034223997859	outer_tissue	planted_true_niche	right_region
0.9223263125148135	0.2885819925201659	outer_tissue	planted_true_niche	right_region
0.22076600091598864	0.8797083825328356	outer_tissue	planted_true_niche	left_region
0.6340849018443467	0.3354433772214813	true_niche	planted_true_niche	right_region
0.3785211244744894	0.5658901381741982	true_niche	planted_true_niche	left_region
0.6722325076199669	0.5499656239015871	true_niche	planted_true_niche	right_region
0.7442021038483779	0.3181837806790878	matched_background	planted_true_niche	right_region
0.7192194791690933	0.14932457171157987	outer_tissue	planted_true_niche	right_region
0.275041163204651	0.684793972443433	matched_background	planted_true_niche	left_region
0.8764013393833601	0.5456651677053214	outer_tissue	planted_true_niche	right_region
0.3773535143904524	0.9024731651499055	outer_tissue	planted_true_niche	left_region
0.5829937067157456	0.2590974823002242	matched_background	planted_true_niche	right_region
0.9427199267700823	0.10909386423120238	outer_tissue	planted_true_niche	right_region
0.7885997581926	0.15598045873921984	matched_background	planted_true_niche	right_region
0.17485308263575428	0.11894539412672245	outer_tissue	planted_true_niche	left_region
0.7958797879908462	0.5772279111407541	matched_background	planted_true_niche	right_region
0.3076366640612296	0.5304826206968428	true_niche	planted_true_niche	left_region
0.3175844297139965	0.6446132016802706	matched_background	planted_true_niche	left_region
0.3737286546187881	0.9725142592844757	outer_tissue	planted_true_niche	left_region
0.4213464134335325	0.45393973386335673	true_niche	planted_true_niche	left_region
0.8882793630701747	0.22106473066536103	outer_tissue	planted_true_niche	right_region
0.6013033190645574	0.19609301377831045	matched_background	planted_true_niche	right_region
0.32511194211130245	0.17823133421713855	matched_background	planted_true_niche	left_region
0.2601212945665282	0.4473348277637882	matched_background	planted_true_niche	left_region
0.8949556575277341	0.41670421325786267	outer_tissue	planted_true_niche	right_region
0.03728849013608859	0.5252282170527985	outer_tissue	planted_true_niche	left_region
0.12079372161538526	0.197519609861465	outer_tissue	planted_true_niche	left_region
0.9363036057021694	0.2946101691451469	outer_tissue	planted_true_niche	right_region
0.6979327929388919	0.47990235417679317	true_niche	planted_true_niche	right_region
0.6903448897601955	0.6048855741315226	true_niche	planted_true_niche	right_region
0.5691633969421257	0.03397989687579328	outer_tissue	planted_true_niche	right_region
0.08497136682759687	0.18948347996938852	outer_tissue	planted_true_niche	left_region
0.3657964871290311	0.2520892540147289	matched_background	planted_true_niche	left_region
0.35715547941684167	0.42543198263406623	true_niche	planted_true_niche	left_region
0.40700738405547743	0.5086616407625154	true_niche	planted_true_niche	left_region
0.43565564849415606	0.19092940587278007	matched_background	planted_true_niche	left_region
0.7088370743078581	0.23836497094992926	matched_background	planted_true_niche	right_region
5.97683987650921e-05	0.22451733258614215	outer_tissue	planted_true_niche	left_region
0.5877304033425945	0.7844526978781812	matched_background	planted_true_niche	right_region
0.7271347774656824	0.8464662415574756	matched_background	planted_true_niche	right_region
0.7394746862164767	0.7520452012683564	matched_background	planted_true_niche	right_region
0.07173877901638237	0.9430169562330906	outer_tissue	planted_true_niche	left_region
0.12131273050368241	0.44691286018003185	outer_tissue	planted_true_niche	left_region
0.12517064570564995	0.006604154711143617	outer_tissue	planted_true_niche	left_region
0.35908271105533685	0.6926161663640018	matched_background	planted_true_niche	left_region
0.28858898382240783	0.0193762576947355	outer_tissue	planted_true_niche	left_region
0.3104424755250158	0.6741535117116443	matched_background	planted_true_niche	left_region
0.2754167401786006	0.988940495643919	outer_tissue	planted_true_niche	left_region
0.23382625513702926	0.012731474562852174	outer_tissue	planted_true_niche	left_region
0.5850714777214743	0.6861036851160158	true_niche	planted_true_niche	right_region
0.34229705046635994	0.43741566550895283	true_niche	planted_true_niche	left_region
0.39226068290825755	0.2526903165737041	matched_background	planted_true_niche	left_region
0.3772463059211911	0.5635975992948816	true_niche	planted_true_niche	left_region
0.7714657139609034	0.38454751306219637	matched_background	planted_true_niche	right_region
0.5657089780424028	0.6751129986995122	true_niche	planted_true_niche	right_region
0.6336336352722022	0.23742161395386097	matched_background	planted_true_niche	right_region
0.6247726134415645	0.7705807033730042	matched_background	planted_true_niche	right_region
0.2656412802886673	0.3233434631866672	matched_background	planted_true_niche	left_region
0.5750727110012492	0.9998518673480626	outer_tissue	planted_true_niche	right_region
0.8075675179716265	0.5814732560508116	matched_background	planted_true_niche	right_region
0.4080491322649856	0.9750810152790048	outer_tissue	planted_true_niche	left_region
0.3388780167957737	0.919137924066334	outer_tissue	planted_true_niche	left_region
0.4482770328317621	0.8378920467199105	matched_background	planted_true_niche	left_region
0.26623559245722395	0.5262895507645362	matched_background	planted_true_niche	left_region
0.7607372423352935	0.5828519633731214	matched_background	planted_true_niche	right_region
0.6859213491651063	0.7052378877504458	matched_background	planted_true_niche	right_region
0.9326175596641932	0.6013015005820457	outer_tissue	planted_true_niche	right_region
0.2853954388626889	0.11740264351317642	outer_tissue	planted_true_niche	left_region
0.620321731801078	0.23792229216242367	matched_background	planted_true_niche	right_region
0.553603757643285	0.04912180860455395	outer_tissue	planted_true_niche	right_region
0.04292104720318579	0.33131166227974085	outer_tissue	planted_true_niche	left_region
0.059901852518385534	0.9539111117460712	outer_tissue	planted_true_niche	left_region
0.7230166276876793	0.36925595789097587	matched_background	planted_true_niche	right_region
0.14149514495115656	0.629474774659545	outer_tissue	planted_true_niche	left_region
0.6373179273031203	0.5923918671343653	true_niche	planted_true_niche	right_region
0.5175328746812177	0.4612934041480419	true_niche	planted_true_niche	right_region
0.7411295302072678	0.5012042188079552	matched_background	planted_true_niche	right_region
0.11852172195036859	0.9712092649483653	outer_tissue	planted_true_niche	left_region
0.6181750765678821	0.24238220855834203	matched_background	planted_true_niche	right_region
0.5505937288819649	0.5000969748663091	true_niche	planted_true_niche	right_region
0.08225057582930717	0.9790772861445064	outer_tissue	planted_true_niche	left_region
0.9678583092712032	0.46047269740772656	outer_tissue	planted_true_niche	right_region
0.13063247370463305	0.8341362298190476	outer_tissue	planted_true_niche	left_region
0.969148934250561	0.4499081927576519	outer_tissue	planted_true_niche	right_region
0.0015167536060103348	0.18331977047910064	outer_tissue	planted_true_niche	left_region
0.18367242666489703	0.9152801466199435	outer_tissue	planted_true_niche	left_region
0.5927934848771098	0.11510407107121667	outer_tissue	planted_true_niche	right_region
0.8967495782533745	0.6366065898346219	outer_tissue	planted_true_niche	right_region
0.949621226165488	0.11857900784067132	outer_tissue	planted_true_niche	right_region
0.39412887183809453	0.35760152852668114	true_niche	planted_true_niche	left_region
0.10999617756361646	0.9313174479786905	outer_tissue	planted_true_niche	left_region
0.6670981843909813	0.019640796032345476	outer_tissue	planted_true_niche	right_region
0.9048347266643421	0.40586000173329106	outer_tissue	planted_true_niche	right_region
0.9731306357081481	0.792762735489941	outer_tissue	planted_true_niche	right_region
0.27891027590752204	0.9110465444574317	outer_tissue	planted_true_niche	left_region
0.025927602922937276	0.0898671568117484	outer_tissue	planted_true_niche	left_region
0.4865494192624189	0.3182111361265666	true_niche	planted_true_niche	left_region
0.930089224734673	0.13588890306988965	outer_tissue	planted_true_niche	right_region
0.6190577219303047	0.5368599842193484	true_niche	planted_true_niche	right_region
0.5104705060252339	0.20738637791920023	matched_background	planted_true_niche	right_region
0.9949821958940436	0.4708016220998614	outer_tissue	planted_true_niche	right_region
0.2385392169709285	0.11227552659314932	outer_tissue	planted_true_niche	left_region
0.10936438426997108	0.5016749218715703	outer_tissue	planted_true_niche	left_region
0.47612341211301246	0.2814227492185045	matched_background	planted_true_niche	left_region
0.9019927845820674	0.16482523160036133	outer_tissue	planted_true_niche	right_region
0.2452194898293658	0.011307368484782643	outer_tissue	planted_true_niche	left_region
0.5600315709490484	0.37715225215351866	true_niche	planted_true_niche	right_region
0.9473031796841893	0.457769377168045	outer_tissue	planted_true_niche	right_region
0.11328789346320878	0.5579574814722547	outer_tissue	planted_true_niche	left_region
0.9482674438729584	0.10345544609716195	outer_tissue	planted_true_niche	right_region
0.13411493922229478	0.40346987516255417	outer_tissue	planted_true_niche	left_region
0.06716339499788049	0.29992376973169765	outer_tissue	planted_true_niche	left_region
0.37630639119564757	0.9814505718315012	outer_tissue	planted_true_niche	left_region
0.8413702737887266	0.2580242558760595	matched_background	planted_true_niche	right_region
0.5664847412812523	0.39325040854269944	true_niche	planted_true_niche	right_region
0.037501392590160054	0.18792885360262512	outer_tissue	planted_true_niche	left_region
0.5794853434015704	0.151162510158524	matched_background	planted_true_niche	right_region
0.15017450669109156	0.38202566627933265	matched_background	planted_true_niche	left_region
0.18851584473984317	0.8277514891672604	matched_background	planted_true_niche	left_region
0.7930165487286824	0.6807325186227525	matched_background	planted_true_niche	right_region
0.5871317027801278	0.8230466664676336	matched_background	planted_true_niche	right_region
0.7450453643190984	0.676490676633843	matched_background	planted_true_niche	right_region
0.04908088308898728	0.35347899905656455	outer_tissue	planted_true_niche	left_region
0.2205804950179836	0.38418987347793543	matched_background	planted_true_niche	left_region
0.9862567988901978	0.08249894417267778	outer_tissue	planted_true_niche	right_region
0.9355295076887808	0.20549898353932183	outer_tissue	planted_true_niche	right_region
0.4792609243070306	0.037266042900584884	outer_tissue	planted_true_niche	left_region
0.8746617985055491	0.3027941386831875	outer_tissue	planted_true_niche	right_region
0.6474537155518538	0.24550551172505208	matched_background	planted_true_niche	right_region
0.9273956156017902	0.6986750362694449	outer_tissue	planted_true_niche	right_region
0.5190922757818413	0.4069826450427435	true_niche	planted_true_niche	right_region
0.6245676313350706	0.06170801829072203	outer_tissue	planted_true_niche	right_region
0.5111158555186163	0.3597764729105334	true_niche	planted_true_niche	right_region
0.06323534830877098	0.3324932632185419	outer_tissue	planted_true_niche	left_region
0.5633757601763292	0.30379320485487604	true_niche	planted_true_niche	right_region
0.5024616291079683	0.4994956507393091	true_niche	planted_true_niche	right_region
0.4458894096586725	0.7010378113203048	true_niche	planted_true_niche	left_region
0.23317913921069322	0.10003038563308786	outer_tissue	planted_true_niche	left_region
0.5111422159456818	0.9825256819122667	outer_tissue	planted_true_niche	right_region
0.8631455138616824	0.25790871857949094	outer_tissue	planted_true_niche	right_region
0.4231228443479762	0.4596809143525732	true_niche	planted_true_niche	left_region
0.05770638143645479	0.5742726648370198	outer_tissue	planted_true_niche	left_region
0.6487409957540545	0.9148042894698176	outer_tissue	planted_true_niche	right_region
0.8882220275579288	0.11569988066897519	outer_tissue	planted_true_niche	right_region
0.45613720696804183	0.5438728103719388	true_niche	planted_true_niche	left_region
0.3918405111894613	0.7332725978863706	matched_background	planted_true_niche	left_region
0.5246590450299571	0.2626236504971027	matched_background	planted_true_niche	right_region
0.20714724491973813	0.2902755181560178	matched_background	planted_true_niche	left_region
0.9554049766063787	0.4711099481840918	outer_tissue	planted_true_niche	right_region
0.32393345271945395	0.8897706353979377	outer_tissue	planted_true_niche	left_region
0.7043608645526003	0.7726656256717191	matched_background	planted_true_niche	right_region
0.49013483161031	0.9670410192261174	outer_tissue	planted_true_niche	left_region
0.8586098812108733	0.6520321313540096	outer_tissue	planted_true_niche	right_region
0.8956242895343592	0.3421149996693753	outer_tissue	planted_true_niche	right_region
0.5603878341646983	0.9987154624639044	outer_tissue	planted_true_niche	right_region
0.15479286366981393	0.4497425315617234	matched_background	planted_true_niche	left_region
0.39155802072221335	0.36849988264512945	true_niche	planted_true_niche	left_region
0.21744953301959757	0.3069736494381682	matched_background	planted_true_niche	left_region
0.43465667797940355	0.06995486743917068	outer_tissue	planted_true_niche	left_region
0.2659712043052471	0.4160191528337073	matched_background	planted_true_niche	left_region
0.09647369193101707	0.9914817923192655	outer_tissue	planted_true_niche	left_region
0.6832571458368105	0.6308265118452383	true_niche	planted_true_niche	right_region
0.43101192039804115	0.41168886390140924	true_niche	planted_true_niche	left_region
0.7153335200463056	0.1961133384433542	matched_background	planted_true_niche	right_region
0.05253083173678297	0.3818742284634433	outer_tissue	planted_true_niche	left_region
0.7878169121350364	0.7341108793717533	matched_background	planted_true_niche	right_region
0.9232401941066932	0.040593324356538396	outer_tissue	planted_true_niche	right_region
0.05356976866927976	0.31097924042881764	outer_tissue	planted_true_niche	left_region
0.7094245569854113	0.04637972567133963	outer_tissue	planted_true_niche	right_region
0.8584183300144504	0.8460789526172608	outer_tissue	planted_true_niche	right_region
0.10771829319553727	0.4855494202655408	outer_tissue	planted_true_niche	left_region
0.004343190201512193	0.8642091772513034	outer_tissue	planted_true_niche	left_region
0.22606608221288016	0.9816197057613483	outer_tissue	planted_true_niche	left_region
0.4486582967068141	0.880633912998638	outer_tissue	planted_true_niche	left_region
0.39318924549824164	0.29517199886251033	matched_background	planted_true_niche	left_region
0.04403355279235577	0.5404531095486882	outer_tissue	planted_true_niche	left_region
0.980930443510371	0.28411041675086546	outer_tissue	planted_true_niche	right_region
0.7082160106779949	0.07345172323192073	outer_tissue	planted_true_niche	right_region
0.9489900216300817	0.8277469885562903	outer_tissue	planted_true_niche	right_region
0.42386297909687143	0.5154143377328448	true_niche	planted_true_niche	left_region
0.6883373193159155	0.34577846999010453	matched_background	planted_true_niche	right_region
0.40688175150727557	0.9738600772402516	outer_tissue	planted_true_niche	left_region
0.1212139746642753	0.23124253890611057	outer_tissue	planted_true_niche	left_region
0.9550267261985899	0.35685943675157583	outer_tissue	planted_true_niche	right_region
0.9864879953879617	0.15604740381177706	outer_tissue	planted_true_niche	right_region
0.021294984471825207	0.7560180206454993	outer_tissue	planted_true_niche	left_region
0.7983805557016662	0.23414803547829632	matched_background	planted_true_niche	right_region
0.48539813009380217	0.6473185607752215	true_niche	planted_true_niche	left_region
0.18186668875525291	0.9107642678936031	outer_tissue	planted_true_niche	left_region
0.9368122430640451	0.3479318087058805	outer_tissue	planted_true_niche	right_region
0.2963817084690702	0.6916974207305703	matched_background	planted_true_niche	left_region
0.3279091624329008	0.8611967550061205	outer_tissue	planted_true_niche	left_region
0.974767137573976	0.3868864472174376	outer_tissue	planted_true_niche	right_region
0.3960255949646352	0.4123636308249091	true_niche	planted_true_niche	left_region
0.9643583519953092	0.36653396783668235	outer_tissue	planted_true_niche	right_region
0.0006367229449742995	0.029865544834963953	outer_tissue	planted_true_niche	left_region
0.13404144366529758	0.21307427116348465	outer_tissue	planted_true_niche	left_region
0.5689441078265992	0.14572106912080585	outer_tissue	planted_true_niche	right_region
0.5720836340350981	0.5447079067942533	true_niche	planted_true_niche	right_region
0.5115326894794876	0.3972163020696743	true_niche	planted_true_niche	right_region
0.77998433005237	0.9211063632379758	outer_tissue	planted_true_niche	right_region
0.6392876383042115	0.11498891179709092	outer_tissue	planted_true_niche	right_region
0.4818853224696866	0.260114481069432	matched_background	planted_true_niche	left_region
0.2223716099765889	0.37647186568928415	matched_background	planted_true_niche	left_region
0.05353344694340134	0.9149869658040611	outer_tissue	planted_true_niche	left_region
0.30738143960034414	0.0028931828131988357	outer_tissue	planted_true_niche	left_region
0.14174426138093954	0.0785846208203117	outer_tissue	planted_true_niche	left_region
0.6303702666760395	0.4048077881311668	true_niche	planted_true_niche	right_region
0.7817109415918597	0.9265537265240518	outer_tissue	planted_true_niche	right_region
0.7863202187216306	0.01581542601428132	outer_tissue	planted_true_niche	right_region
0.8124798387359137	0.9704807870423194	outer_tissue	planted_true_niche	right_region
0.36610639065940576	0.3616969724626624	true_niche	planted_true_niche	left_region
0.9645557542723802	0.5065575001409724	outer_tissue	planted_true_niche	right_region
0.5925337255447354	0.6195367222820766	true_niche	planted_true_niche	right_region
0.8124451129800428	0.6706295953295477	matched_background	planted_true_niche	right_region
0.9778463778525791	0.685834494313867	outer_tissue	planted_true_niche	right_region
0.7229762799574713	0.5245567748339987	true_niche	planted_true_niche	right_region
0.7712480356909621	0.7233007502945396	matched_background	planted_true_niche	right_region
0.8002283311747591	0.40986130659553854	matched_background	planted_true_niche	right_region
0.7609481321318508	0.4809918125722846	matched_background	planted_true_niche	right_region
0.9287274039136416	0.49188872074221324	outer_tissue	planted_true_niche	right_region
0.30310151290029397	0.478927732890832	true_niche	planted_true_niche	left_region
0.5706280915551679	0.7440534438576133	matched_background	planted_true_niche	right_region
0.3438857699716219	0.2451393563286799	matched_background	planted_true_niche	left_region
0.6129879748367871	0.682950762019355	true_niche	planted_true_niche	right_region
0.27132453161995307	0.22048708342648304	matched_background	planted_true_niche	left_region
0.8643057193895531	0.7790814417564955	outer_tissue	planted_true_niche	right_region
0.4595265212500804	0.7996181174174106	matched_background	planted_true_niche	left_region
0.990043102860647	0.1353196661776659	outer_tissue	planted_true_niche	right_region
0.29128161251750107	0.03925817829527822	outer_tissue	planted_true_niche	left_region
0.7780082178713253	0.20274415714642935	matched_background	planted_true_niche	right_region
0.3486279833119018	0.09996679972281253	outer_tissue	planted_true_niche	left_region
0.6166678525282586	0.9064528508302836	outer_tissue	planted_true_niche	right_region
0.46656639100374175	0.7601989973434472	matched_background	planted_true_niche	left_region
0.10463981930708433	0.3427635259248798	outer_tissue	planted_true_niche	left_region
0.6773864891345517	0.9377784854429387	outer_tissue	planted_true_niche	right_region
0.950166981303656	0.2897998859129317	outer_tissue	planted_true_niche	right_region
0.24363212216154628	0.7804387988248873	matched_background	planted_true_niche	left_region
0.11168845645578762	0.02027494506225247	outer_tissue	planted_true_niche	left_region
0.06856791772790605	0.6201646698751284	outer_tissue	planted_true_niche	left_region
0.6988068204260357	0.12356395276330767	outer_tissue	planted_true_niche	right_region
0.9663237982680247	0.6992339523841684	outer_tissue	planted_true_niche	right_region
0.11659274142984055	0.2765206225265133	outer_tissue	planted_true_niche	left_region
0.17832341053046918	0.5901188934073116	matched_background	planted_true_niche	left_region
0.7904588091705448	0.4853707181528214	matched_background	planted_true_niche	right_region
0.3946379535481137	0.9773869117322638	outer_tissue	planted_true_niche	left_region
0.9124078803964715	0.20970740806022914	outer_tissue	planted_true_niche	right_region
0.6863361955869117	0.4109801086693998	true_niche	planted_true_niche	right_region
0.7785057928314966	0.9416436617873327	outer_tissue	planted_true_niche	right_region
0.9413552544358004	0.7970537781998713	outer_tissue	planted_true_niche	right_region
0.3994376009991829	0.4713179031041087	true_niche	planted_true_niche	left_region
0.1130106862015745	0.4714545820490835	outer_tissue	planted_true_niche	left_region
0.14981816176473528	0.22715547142959025	outer_tissue	planted_true_niche	left_region
0.9283000078483101	0.9716134555193242	outer_tissue	planted_true_niche	right_region
0.5322278804434041	0.1746089940869604	matched_background	planted_true_niche	right_region
0.22033956053166082	0.4455255963145749	matched_background	planted_true_niche	left_region
0.9964877926513518	0.7137163356475598	outer_tissue	planted_true_niche	right_region
0.16277269277649553	0.25512086147367463	matched_background	planted_true_niche	left_region
0.11144822294729073	0.10415038612769534	outer_tissue	planted_true_niche	left_region
0.18467577509529642	0.8516376327910654	outer_tissue	planted_true_niche	left_region
0.04474016808606218	0.9734659696859064	outer_tissue	planted_true_niche	left_region
0.42751404031398654	0.6533333678958623	true_niche	planted_true_niche	left_region
0.3528297424176421	0.8482605325006786	matched_background	planted_true_niche	left_region
0.8427208324557184	0.31933686139392947	matched_background	planted_true_niche	right_region
0.17337936517040542	0.03328840109869302	outer_tissue	planted_true_niche	left_region
0.16181284400353924	0.14091417336130585	outer_tissue	planted_true_niche	left_region
0.6234046873480945	0.21246692186025784	matched_background	planted_true_niche	right_region
0.38144427588319063	0.08637762309045549	outer_tissue	planted_true_niche	left_region
0.8242499638084569	0.4160996085759441	matched_background	planted_true_niche	right_region
0.09447623922841897	0.3635550264317453	outer_tissue	planted_true_niche	left_region
0.055910906710940456	0.6600096460521071	outer_tissue	planted_true_niche	left_region
0.5328399841890032	0.13161424253710818	outer_tissue	planted_true_niche	right_region
0.35446512781713435	0.3545915143762808	matched_background	planted_true_niche	left_region
0.41730519885430084	0.7609588493965763	matched_background	planted_true_niche	left_region
0.3784946897034249	0.6296808626705209	true_niche	planted_true_niche	left_region
0.8046642797619289	0.6901297713520933	matched_background	planted_true_niche	right_region
0.2924750954905614	0.1512094830908568	matched_background	planted_true_niche	left_region
0.9971723933480313	0.5552775118644788	outer_tissue	planted_true_niche	right_region
0.2125189519077052	0.049972465900568364	outer_tissue	planted_true_niche	left_region
0.2548192670125028	0.16734056301755718	matched_background	planted_true_niche	left_region
0.31954423870002924	0.45381148693344475	true_niche	planted_true_niche	left_region
0.16383820874568744	0.6661408620139905	matched_background	planted_true_niche	left_region
0.05619559021985432	0.5020655530275246	outer_tissue	planted_true_niche	left_region
0.7646949031591045	0.6080402470587778	matched_background	planted_true_niche	right_region
0.8145660772622039	0.022778227008606322	outer_tissue	planted_true_niche	right_region
0.03032691786808661	0.8728065504335297	outer_tissue	planted_true_niche	left_region
0.22229090961691467	0.1383950406622778	outer_tissue	planted_true_niche	left_region
0.6898507830443122	0.9517708998802253	outer_tissue	planted_true_niche	right_region
0.3185381217280716	0.5389331783191977	true_niche	planted_true_niche	left_region
0.05043185207943479	0.34801851361578306	outer_tissue	planted_true_niche	left_region
0.5700852349388231	0.15317419615936623	matched_background	planted_true_niche	right_region
0.9845321121910853	0.7532953720479585	outer_tissue	planted_true_niche	right_region
0.17047446101722286	0.3217925731887805	matched_background	planted_true_niche	left_region
0.6897571259960424	0.05419854669475699	outer_tissue	planted_true_niche	right_region
0.6339733619021924	0.3985113230714489	true_niche	planted_true_niche	right_region
0.8616907672116371	0.9446755928717182	outer_tissue	planted_true_niche	right_region
0.13232306502805335	0.14977128082154834	outer_tissue	planted_true_niche	left_region
0.5877193457965043	0.39715394104162904	true_niche	planted_true_niche	right_region
0.20112175471740945	0.8082720808068716	matched_background	planted_true_niche	left_region
0.6144717066549609	0.14042575227599452	outer_tissue	planted_true_niche	right_region
0.17179831308196758	0.9022809644956543	outer_tissue	planted_true_niche	left_region
0.2677207876930128	0.354398264064797	matched_background	planted_true_niche	left_region
0.8810531658033882	0.47970759975291744	outer_tissue	planted_true_niche	right_region
0.8303762354981321	0.8223559643127142	matched_background	planted_true_niche	right_region
0.18678304994383532	0.18277921356761817	matched_background	planted_true_niche	left_region
0.5654993184204522	0.7116289102648355	true_niche	planted_true_niche	right_region
0.6073331853503409	0.08811267218527519	outer_tissue	planted_true_niche	right_region
0.28424789051166466	0.9937897974026324	outer_tissue	planted_true_niche	left_region
0.5833408046953972	0.5788042273143753	true_niche	planted_true_niche	right_region
0.9184375723134834	0.6489854293799331	outer_tissue	planted_true_niche	right_region
0.8649223783547264	0.32039505389097334	outer_tissue	planted_true_niche	right_region
0.31125013424884806	0.2677067915155823	matched_background	planted_true_niche	left_region
0.2489043093285408	0.8253766080576099	matched_background	planted_true_niche	left_region
0.8026376297583546	0.4229589713598826	matched_background	planted_true_niche	right_region
0.8430467404685557	0.8706725998033998	outer_tissue	planted_true_niche	right_region
0.8057185806392525	0.35353218108960505	matched_background	planted_true_niche	right_region
0.5120171017283038	0.08918525350399487	outer_tissue	planted_true_niche	right_region
0.3691573666204666	0.8936357683447157	outer_tissue	planted_true_niche	left_region
0.6545218739062876	0.8329070325687739	matched_background	planted_true_niche	right_region
0.3291269849038959	0.4461895168643012	true_niche	planted_true_niche	left_region
0.3125048409517117	0.05035019887783665	outer_tissue	planted_true_niche	left_region
0.9402615411822681	0.2375512963344718	outer_tissue	planted_true_niche	right_region
0.9854682809500086	0.5446362469604871	outer_tissue	planted_true_niche	right_region
0.179935164572385	0.7388892574953569	matched_background	planted_true_niche	left_region
0.8596285271825193	0.4574424007007851	outer_tissue	planted_true_niche	right_region
0.4154069299327118	0.826396029925634	matched_background	planted_true_niche	left_region
0.4762200801645554	0.7596556274324832	matched_background	planted_true_niche	left_region
0.8814856558915205	0.9128491586847521	outer_tissue	planted_true_niche	right_region
0.3412203835263957	0.6754067412369004	matched_background	planted_true_niche	left_region
0.4588664449986306	0.38097459168123904	true_niche	planted_true_niche	left_region
0.6362180824720771	0.7058230785877011	matched_background	planted_true_niche	right_region
0.46211180927999085	0.0042745718873647975	outer_tissue	planted_true_niche	left_region
0.6892297675226897	0.04697410500189403	outer_tissue	planted_true_niche	right_region
0.7895697751216717	0.6390129322292484	matched_background	planted_true_niche	right_region
0.5283584973324315	0.5670677782876182	true_niche	planted_true_niche	right_region
0.6655588804362566	0.0012527691616611714	outer_tissue	planted_true_niche	right_region
0.32100562216089146	0.5039601789192896	true_niche	planted_true_niche	left_region
0.3540997037206216	0.7750305339960804	matched_background	planted_true_niche	left_region
0.09444709505305282	0.9467243400501718	outer_tissue	planted_true_niche	left_region
0.33764656787541103	0.17998219806966487	matched_background	planted_true_niche	left_region
0.6478181677322375	0.9104776159811139	outer_tissue	planted_true_niche	right_region
0.26089719652940413	0.44683019766364207	matched_background	planted_true_niche	left_region
0.8092486309639387	0.056348018733747285	outer_tissue	planted_true_niche	right_region
0.04465197736733717	0.2844414578332083	outer_tissue	planted_true_niche	left_region
0.35685288435763163	0.8642631945815058	outer_tissue	planted_true_niche	left_region
0.17777335999882027	0.738370494814606	matched_background	planted_true_niche	left_region
0.4885969398729829	0.3645570643060897	true_niche	planted_true_niche	left_region
0.5858701424389452	0.32594479628914286	true_niche	planted_true_niche	right_region
0.9285247979524015	0.3672754723617837	outer_tissue	planted_true_niche	right_region
0.8813805482092042	0.7858626313300492	outer_tissue	planted_true_niche	right_region
0.3455883693528621	0.13659653131208238	outer_tissue	planted_true_niche	left_region
0.3310304852769417	0.27066239392371605	matched_background	planted_true_niche	left_region
0.8872387581951549	0.27031142281195675	outer_tissue	planted_true_niche	right_region
0.4098572914462104	0.6908748271749332	matched_background	planted_true_niche	left_region
0.6922871979500004	0.24630530885873736	matched_background	planted_true_niche	right_region
0.16502972012042694	0.5139319528636286	matched_background	planted_true_niche	left_region
0.4092576791400183	0.8664659704428339	outer_tissue	planted_true_niche	left_region
0.15026299558952372	0.05464607980391134	outer_tissue	planted_true_niche	left_region
0.4407822550333169	0.7635113463946473	matched_background	planted_true_niche	left_region
0.992045871169357	0.7333473122708286	outer_tissue	planted_true_niche	right_region
0.5169866441810812	0.17483793128855396	matched_background	planted_true_niche	right_region
0.74523252928036	0.6608060941482737	matched_background	planted_true_niche	right_region
0.08183886095642878	0.35059044371241144	outer_tissue	planted_true_niche	left_region
0.2578589459320235	0.1149677490581339	outer_tissue	planted_true_niche	left_region
0.5865010473361444	0.49284368319898475	true_niche	planted_true_niche	right_region
0.812708302060287	0.2532626044372045	matched_background	planted_true_niche	right_region
0.9740345539698132	0.8167155288847046	outer_tissue	planted_true_niche	right_region
0.6438007531135441	0.13492578996836802	outer_tissue	planted_true_niche	right_region
0.7780970805325816	0.19449260384046363	matched_background	planted_true_niche	right_region
0.19819567324581921	0.5629109915091535	matched_background	planted_true_niche	left_region
0.7041096315933271	0.576248624930411	true_niche	planted_true_niche	right_region
0.6560886949334109	0.5630669778415468	true_niche	planted_true_niche	right_region
0.46185975418787095	0.22138167423609256	matched_background	planted_true_niche	left_region
0.16448936255416857	0.8930248189206336	outer_tissue	planted_true_niche	left_region
0.8328178450915266	0.780646993326296	matched_background	planted_true_niche	right_region
0.5918441747599631	0.46020251296504144	true_niche	planted_true_niche	right_region
0.030923636927904452	0.48558573149076467	outer_tissue	planted_true_niche	left_region
0.3289714478375436	0.2799188997749289	matched_background	planted_true_niche	left_region
0.33706620858334146	0.35069519109729475	matched_background	planted_true_niche	left_region
0.6716813403322455	0.5732088014332472	true_niche	planted_true_niche	right_region
0.12988189990847632	0.40521334895517735	outer_tissue	planted_true_niche	left_region
0.7841207129722529	0.6487966535548083	matched_background	planted_true_niche	right_region
0.044083445829061874	0.3367542342827249	outer_tissue	planted_true_niche	left_region
0.10246420357338293	0.45023867585070754	outer_tissue	planted_true_niche	left_region
0.7087625966556744	0.2608168693880861	matched_background	planted_true_niche	right_region
0.4384708966572135	0.5537633561974604	true_niche	planted_true_niche	left_region
0.6912340839382494	0.17461333507645083	matched_background	planted_true_niche	right_region
0.2742893966522987	0.5814037250235727	matched_background	planted_true_niche	left_region
0.07620654998641707	0.9760524978225013	outer_tissue	planted_true_niche	left_region
0.8778848596737441	0.6552921931676983	outer_tissue	planted_true_niche	right_region
0.30244237688400644	0.34264950835658803	matched_background	planted_true_niche	left_region
0.8256015209933425	0.7189856556345939	matched_background	planted_true_niche	right_region
0.7100690829777206	0.6641534022917523	matched_background	planted_true_niche	right_region
0.26554085646820813	0.7473862196195992	matched_background	planted_true_niche	left_region
0.8098989124129585	0.06823338562344328	outer_tissue	planted_true_niche	right_region
0.8146724237576173	0.850434341730682	outer_tissue	planted_true_niche	right_region
0.5240081775820169	0.23712905770047354	matched_background	planted_true_niche	right_region
0.845363320944629	0.16203856679366557	matched_background	planted_true_niche	right_region
0.07960409203431629	0.5023534914069099	outer_tissue	planted_true_niche	left_region
0.7640277099659771	0.011693981297016154	outer_tissue	planted_true_niche	right_region
0.4865294103467225	0.0479657450502291	outer_tissue	planted_true_niche	left_region
0.6340155029010782	0.9548445323251157	outer_tissue	planted_true_niche	right_region
0.8181362390645658	0.6727864036051334	matched_background	planted_true_niche	right_region
0.33049921169302854	0.07063170604016289	outer_tissue	planted_true_niche	left_region
0.9213645149575946	0.7754766577507768	outer_tissue	planted_true_niche	right_region
0.9147500771341499	0.5476935461569593	outer_tissue	planted_true_niche	right_region
0.5132983312690993	0.084192719254642	outer_tissue	planted_true_niche	right_region
0.7111429827232366	0.15987666961715685	matched_background	planted_true_niche	right_region
0.3610620551422373	0.5492933656988305	true_niche	planted_true_niche	left_region
0.05895925856392725	0.9822416802228447	outer_tissue	planted_true_niche	left_region
0.8119919102096829	0.3682871165034943	matched_background	planted_true_niche	right_region
0.23201703170985644	0.8861413448514344	outer_tissue	planted_true_niche	left_region
0.7551994364197891	0.4718958968050534	matched_background	planted_true_niche	right_region
0.3547880828435166	0.16810996243915632	matched_background	planted_true_niche	left_region
0.14011383619257245	0.6418825171768858	outer_tissue	planted_true_niche	left_region
0.8448256595672238	0.8614604205951335	outer_tissue	planted_true_niche	right_region
0.20472131940456573	0.8950333768373222	outer_tissue	planted_true_niche	left_region
0.8412172551452178	0.5521840495390735	matched_background	planted_true_niche	right_region
0.1223222769021114	0.24644481561480502	outer_tissue	planted_true_niche	left_region
0.5721712182962131	0.3410136579142854	true_niche	planted_true_niche	right_region
0.9196215638341463	0.17944291689148129	outer_tissue	planted_true_niche	right_region
0.21990276378823637	0.1790835860955704	matched_background	planted_true_niche	left_region
0.03742654650207822	0.5619332330716293	outer_tissue	planted_true_niche	left_region
0.334525990280074	0.21138206442998486	matched_background	planted_true_niche	left_region
0.6152804147817209	0.7577722917873526	matched_background	planted_true_niche	right_region
0.1594863730660233	0.8449495974813743	matched_background	planted_true_niche	left_region
0.39133376674548737	0.9012567586980818	outer_tissue	planted_true_niche	left_region
0.6867807871204338	0.6858352109448353	matched_background	planted_true_niche	right_region
0.11207024881489558	0.3399304420104837	outer_tissue	planted_true_niche	left_region
0.7937373385691906	0.3271563128986652	matched_background	planted_true_niche	right_region
0.5885662200718265	0.8539177638493367	outer_tissue	planted_true_niche	right_region
0.8188056976161177	0.785270991619158	matched_background	planted_true_niche	right_region
0.8356259036765977	0.8383096406507895	matched_background	planted_true_niche	right_region
0.06344050891142028	0.7900435886269167	outer_tissue	planted_true_niche	left_region
0.7884324091743231	0.8913620198768831	outer_tissue	planted_true_niche	right_region
0.39114708948566124	0.08944509840685522	outer_tissue	planted_true_niche	left_region
0.5026242662557715	0.16073986293752496	matched_background	planted_true_niche	right_region
0.5840457214632184	0.05707593591362847	outer_tissue	planted_true_niche	right_region
0.7460645465562459	0.5896649408196549	matched_background	planted_true_niche	right_region
0.5729151561423537	0.4844774694068714	true_niche	planted_true_niche	right_region
0.3986739686261941	0.9556130146594133	outer_tissue	planted_true_niche	left_region
0.32824349530512364	0.425282073340537	true_niche	planted_true_niche	left_region
0.8532782207771682	0.36820570920996776	outer_tissue	planted_true_niche	right_region
0.12425676865512014	0.045182323417531145	outer_tissue	planted_true_niche	left_region
0.3451960446213259	0.9160603950382022	outer_tissue	planted_true_niche	left_region
0.3135424143903205	0.03682866374180782	outer_tissue	planted_true_niche	left_region
0.10853544593834463	0.7344749209546385	outer_tissue	planted_true_niche	left_region
0.12836344558090074	0.36665038619399726	outer_tissue	planted_true_niche	left_region
0.9886053097886128	0.4153260069645216	outer_tissue	planted_true_niche	right_region
0.2804555661599947	0.5682040629721442	matched_background	planted_true_niche	left_region
0.1064597510267784	0.6735097672355893	outer_tissue	planted_true_niche	left_region
0.6861299573988766	0.2158127416915866	matched_background	planted_true_niche	right_region
0.6955941859331557	0.16827873828882545	matched_background	planted_true_niche	right_region
0.5664771261707232	0.4392681193557967	true_niche	planted_true_niche	right_region
0.07859083359652785	0.21326038079187393	outer_tissue	planted_true_niche	left_region
0.9934696693166867	0.38152749543934783	outer_tissue	planted_true_niche	right_region
0.07739765453468772	0.29563415765189005	outer_tissue	planted_true_niche	left_region
0.269834811363335	0.44842940691196764	matched_background	planted_true_niche	left_region
0.4492554673612673	0.9868917141472987	outer_tissue	planted_true_niche	left_region
0.2746340967599664	0.31650561072518324	matched_background	planted_true_niche	left_region
0.6553357136584018	0.24666978782210225	matched_background	planted_true_niche	right_region
0.495632217773338	0.16563176779918432	matched_background	planted_true_niche	left_region
0.7006147714535658	0.04106094686453421	outer_tissue	planted_true_niche	right_region
0.7883403908189226	0.6006427998605921	matched_background	planted_true_niche	right_region
0.6073053834654989	0.6702858267321641	true_niche	planted_true_niche	right_region
0.6274404909781894	0.32244683900589577	true_niche	planted_true_niche	right_region
0.298350902908986	0.9050807057434873	outer_tissue	planted_true_niche	left_region
0.07016404349376848	0.7191914612164615	outer_tissue	planted_true_niche	left_region
0.9009297212301328	0.8069385430292295	outer_tissue	planted_true_niche	right_region
0.5244497073951768	0.9416577653064743	outer_tissue	planted_true_niche	right_region
0.14946672111123538	0.11857398460544644	outer_tissue	planted_true_niche	left_region
0.20134398429793887	0.5578849399489544	matched_background	planted_true_niche	left_region
0.27563465931437325	0.19717119021328922	matched_background	planted_true_niche	left_region
0.8221190242447997	0.8129334874532054	matched_background	planted_true_niche	right_region
0.7028677035214048	0.6608323006740532	matched_background	planted_true_niche	right_region
0.7678208014242398	0.6975941792849204	matched_background	planted_true_niche	right_region
0.8136150038479152	0.33573932541395246	matched_background	planted_true_niche	right_region
0.8896319853430696	0.8268396695164874	outer_tissue	planted_true_niche	right_region
0.5959542045113447	0.41318695691094687	true_niche	planted_true_niche	right_region
0.4990543193669351	0.4956787067495664	true_niche	planted_true_niche	left_region
0.3170142321539977	0.3849916338584314	matched_background	planted_true_niche	left_region
0.7476063663070182	0.18744911775644746	matched_background	planted_true_niche	right_region
0.08450357709848455	0.2321950457480635	outer_tissue	planted_true_niche	left_region
0.22663211031359476	0.3376876849339264	matched_background	planted_true_niche	left_region
0.10836366001034592	0.439804295878487	outer_tissue	planted_true_niche	left_region
0.5945784460999796	0.7528337308157228	matched_background	planted_true_niche	right_region
0.6115081491482158	0.042481826056054994	outer_tissue	planted_true_niche	right_region
0.9934955692885985	0.1972693946087799	outer_tissue	planted_true_niche	right_region
0.30779381200743894	0.26554793879375416	matched_background	planted_true_niche	left_region
0.2095051409828348	0.7335207424019676	matched_background	planted_true_niche	left_region
0.2856761467469212	0.2423838039536842	matched_background	planted_true_niche	left_region
0.7268615284752576	0.6083349502875974	matched_background	planted_true_niche	right_region
0.3790584098856584	0.4915847644155623	true_niche	planted_true_niche	left_region
0.01970784431330541	0.12286398075279947	outer_tissue	planted_true_niche	left_region
0.1669780709498433	0.5195749522006083	matched_background	planted_true_niche	left_region
0.17147064257359057	0.9712938383598623	outer_tissue	planted_true_niche	left_region
0.8739187196952606	0.5217489571151136	outer_tissue	planted_true_niche	right_region
0.9853447969183419	0.8409876547127093	outer_tissue	planted_true_niche	right_region
0.4879527534150312	0.9504998916270428	outer_tissue	planted_true_niche	left_region
0.4662482823503661	0.755972230271179	matched_background	planted_true_niche	left_region
0.6708488992492946	0.9586168030844644	outer_tissue	planted_true_niche	right_region
0.828353244739798	0.43374362017934276	matched_background	planted_true_niche	right_region
0.6648676461478797	0.10684586194542611	outer_tissue	planted_true_niche	right_region
0.45666247526203774	0.6596347508810922	true_niche	planted_true_niche	left_region
0.9193527045615973	0.13547848200870327	outer_tissue	planted_true_niche	right_region
0.3923404424279182	0.6698691594564835	true_niche	planted_true_niche	left_region
0.3183306070733729	0.17100711246440026	matched_background	planted_true_niche	left_region
0.013598304203716771	0.029637215643865567	outer_tissue	planted_true_niche	left_region
0.31905582110799613	0.6571455069180611	matched_background	planted_true_niche	left_region
0.1542681174183973	0.03785855691123996	outer_tissue	planted_true_niche	left_region
0.6899670908999981	0.7646184233733602	matched_background	planted_true_niche	right_region
0.1322250058702925	0.24880777728142778	outer_tissue	planted_true_niche	left_region
0.18311886339197958	0.9560504045738905	outer_tissue	planted_true_niche	left_region
0.7586192717895184	0.9933198102520427	outer_tissue	planted_true_niche	right_region
0.9387506901597011	0.47160987125759213	outer_tissue	planted_true_niche	right_region
0.34228165141207845	0.2721822747501351	matched_background	planted_true_niche	left_region
0.4948675285338995	0.6276258002230887	true_niche	planted_true_niche	left_region
0.7309351557216065	0.15674841231679548	matched_background	planted_true_niche	right_region
0.22344210516852903	0.6077410186877971	matched_background	planted_true_niche	left_region
0.39279249372826563	0.11013015147945537	outer_tissue	planted_true_niche	left_region
0.6940352786298886	0.8223291788254784	matched_background	planted_true_niche	right_region
0.9063862862868903	0.5068228517902322	outer_tissue	planted_true_niche	right_region
0.7950167796282662	0.602102817585955	matched_background	planted_true_niche	right_region
0.966735362527639	0.5325153631724947	outer_tissue	planted_true_niche	right_region
0.4145882354396464	0.6194623178533141	true_niche	planted_true_niche	left_region
0.1832744773164533	0.13577957286655684	outer_tissue	planted_true_niche	left_region
0.9985895873230725	0.4246083058025617	outer_tissue	planted_true_niche	right_region
0.043603828530226596	0.2586484795659689	outer_tissue	planted_true_niche	left_region
0.34261079892197455	0.23084862697060637	matched_background	planted_true_niche	left_region
0.030367273631830005	0.4542149545882014	outer_tissue	planted_true_niche	left_region
0.47067018362017876	0.09821615766964575	outer_tissue	planted_true_niche	left_region
0.6364652674120027	0.7192525465849428	matched_background	planted_true_niche	right_region
0.8646719014327057	0.912823069416745	outer_tissue	planted_true_niche	right_region
0.5197368672943132	0.07806271280932697	outer_tissue	planted_true_niche	right_region
0.6489665408919143	0.5502839507614128	true_niche	planted_true_niche	right_region
0.3970052599066731	0.9946526146328883	outer_tissue	planted_true_niche	left_region
0.6344908857441881	0.16361997233247305	matched_background	planted_true_niche	right_region
0.6403062420449251	0.6829284682521417	true_niche	planted_true_niche	right_region
0.8358471561998592	0.8372231870807071	matched_background	planted_true_niche	right_region
0.08631723728148155	0.21823705961618278	outer_tissue	planted_true_niche	left_region
0.3972106419271866	0.043588254232782564	outer_tissue	planted_true_niche	left_region
0.09385701506608113	0.8014619578069693	outer_tissue	planted_true_niche	left_region
0.3177465516626742	0.681394816978236	matched_background	planted_true_niche	left_region
0.14097131407186425	0.03190409675715822	outer_tissue	planted_true_niche	left_region
0.329344426971826	0.16343408175565777	matched_background	planted_true_niche	left_region
0.6278860459460803	0.5013052760656348	true_niche	planted_true_niche	right_region
0.7076764692723654	0.3238071626816402	matched_background	planted_true_niche	right_region
0.4867792118883606	0.4716759004950034	true_niche	planted_true_niche	left_region
0.247311290011748	0.9703809125764056	outer_tissue	planted_true_niche	left_region
0.3168380983349022	0.24729681736058706	matched_background	planted_true_niche	left_region
0.05839418990170586	0.32638390907947856	outer_tissue	planted_true_niche	left_region
0.578689067570857	0.8857212049194172	outer_tissue	planted_true_niche	right_region
0.27049097017536816	0.5689984929831665	matched_background	planted_true_niche	left_region
0.6700385105790773	0.9512529402521569	outer_tissue	planted_true_niche	right_region
0.19186210277464477	0.047864971970838166	outer_tissue	planted_true_niche	left_region
0.2512006138414705	0.42834164288597654	matched_background	planted_true_niche	left_region
0.007796113698973928	0.5197792692012101	outer_tissue	planted_true_niche	left_region
0.7231092057106426	0.39810452391552975	matched_background	planted_true_niche	right_region
0.7485946527259508	0.5941471983237124	matched_background	planted_true_niche	right_region
0.7297795467104088	0.8969702259755651	outer_tissue	planted_true_niche	right_region
0.7295107017853733	0.5752978765534431	matched_background	planted_true_niche	right_region
0.26531146501196357	0.5168132622715016	matched_background	planted_true_niche	left_region
0.16922713977808201	0.2130814483411515	matched_background	planted_true_niche	left_region
0.8440504672344442	0.6584656438247817	matched_background	planted_true_niche	right_region
0.7905399525764246	0.2626998145305832	matched_background	planted_true_niche	right_region
0.5644383186711007	0.03748271271811143	outer_tissue	planted_true_niche	right_region
0.8789345284208722	0.8181610149372561	outer_tissue	planted_true_niche	right_region
0.9891213959528603	0.38793864156746094	outer_tissue	planted_true_niche	right_region
0.6168220958340149	0.6992318500455973	matched_background	planted_true_niche	right_region
0.028341214275573456	0.15006942702544512	outer_tissue	planted_true_niche	left_region
0.6275432948419792	0.8430017624521755	matched_background	planted_true_niche	right_region
0.06227664197970617	0.763863503830549	outer_tissue	planted_true_niche	left_region
0.09390948419420941	0.2275963011501726	outer_tissue	planted_true_niche	left_region
0.7656050652184834	0.899715692430807	outer_tissue	planted_true_niche	right_region
0.6639665429652376	0.3338226855106048	true_niche	planted_true_niche	right_region
0.9260830224051176	0.2479255398470881	outer_tissue	planted_true_niche	right_region
0.4765288709572494	0.976111847540249	outer_tissue	planted_true_niche	left_region
0.24519331049530746	0.040419245256615	outer_tissue	planted_true_niche	left_region
0.3162109293386538	0.37080550398866463	matched_background	planted_true_niche	left_region
0.7025475657307058	0.10241212316487647	outer_tissue	planted_true_niche	right_region
0.056392314362862406	0.3923268406128255	outer_tissue	planted_true_niche	left_region
0.9336106647204357	0.49892853841357043	outer_tissue	planted_true_niche	right_region
0.6891721838500278	0.3462439199608083	matched_background	planted_true_niche	right_region
0.6553894708700436	0.6154893340715006	true_niche	planted_true_niche	right_region
0.7330433814866583	0.01996494042216468	outer_tissue	planted_true_niche	right_region
0.4093919822769789	0.24540268760470318	matched_background	planted_true_niche	left_region
0.7946294296062978	0.2999683443091744	matched_background	planted_true_niche	right_region
0.34023609330354054	0.5751851655276142	true_niche	planted_true_niche	left_region
0.9306422385569209	0.06283735672807012	outer_tissue	planted_true_niche	right_region
0.7513694764564977	0.06157108787541832	outer_tissue	planted_true_niche	right_region
0.05835438996194753	0.030521842609577243	outer_tissue	planted_true_niche	left_region
0.34096358029121987	0.911891927106803	outer_tissue	planted_true_niche	left_region
0.48354759678403336	0.6043149355360276	true_niche	planted_true_niche	left_region
0.499875344158479	0.18860108657098318	matched_background	planted_true_niche	left_region
0.43857978939480535	0.7720819423913264	matched_background	planted_true_niche	left_region
0.17987304223389255	0.24858899903120402	matched_background	planted_true_niche	left_region
0.1390291928230436	0.21119848605117564	outer_tissue	planted_true_niche	left_region
0.7021614723729469	0.9005522995358952	outer_tissue	planted_true_niche	right_region
0.5523116585781345	0.40326304729790796	true_niche	planted_true_niche	right_region
0.771364948365113	0.111278997894805	outer_tissue	planted_true_niche	right_region
0.2314542037155115	0.9313342267070646	outer_tissue	planted_true_niche	left_region
0.2187388685506969	0.8232460529198092	matched_background	planted_true_niche	left_region
0.7023063318504892	0.6372581881884609	matched_background	planted_true_niche	right_region
