role	source_path	release_path	copied	bytes	sha256
root_or_script	.zenodo.json	release/snra-auditor-v0.1.0-rc1/.zenodo.json	True	934	2f31219f3ee2b0bb7dc802f471334720f5766ba826fcf931144d9d6a5711adc4
root_or_script	CITATION.cff	release/snra-auditor-v0.1.0-rc1/CITATION.cff	True	1027	cf0b0b78e12a6ac806a57a7bfe0641f668d57770852e25e27e829e318016e85d
root_or_script	LICENSE	release/snra-auditor-v0.1.0-rc1/LICENSE	True	1508	8f928e5688bf459ff3b446021859b3cda605baefa14634c347be22eb60ec3bd0
root_or_script	MANIFEST.in	release/snra-auditor-v0.1.0-rc1/MANIFEST.in	True	274	ba0a3d1ac6eb0d5fd71ee6f6f3c239b2dd7a599108b8c6c5d7d7fe124ac54871
root_or_script	README.md	release/snra-auditor-v0.1.0-rc1/README.md	True	6775	ec7c2cda90f3375144ee77bcaf05219018df6fc5da47d3157b1fcec8e4f6227e
root_or_script	environment_snra_submission.yml	release/snra-auditor-v0.1.0-rc1/environment_snra_submission.yml	True	182	00d5728624b04342717008082d35f8463bfd2790bb03487f90a7d7f0a70956cd
root_or_script	pyproject.toml	release/snra-auditor-v0.1.0-rc1/pyproject.toml	True	1154	a3cdbb209916fe3efff8ab8d41f006b7b5dfbc70215a2c62c3e2c2b1a0daece0
root_or_script	.github/workflows/snra-tests.yml	release/snra-auditor-v0.1.0-rc1/.github/workflows/snra-tests.yml	True	2374	d97595df6f411b3c9a05514595aa9ccc9aaf831ab1b82a27b95ce79f2100d64e
root_or_script	scripts_run_snra_clean_env_ci_v1_0.py	release/snra-auditor-v0.1.0-rc1/scripts_run_snra_clean_env_ci_v1_0.py	True	8944	a0d3c28c724105c4667fc7ea2aac19ff96410277d96f070013639aea49313346
root_or_script	scripts_run_snra_demo_cli_v0_1.py	release/snra-auditor-v0.1.0-rc1/scripts_run_snra_demo_cli_v0_1.py	True	354	68c97572c8f0b67f04dfe8d7260a63c35a242cec8b11d80511b44c55536aa424
root_or_script	scripts_run_snra_submission_reproduction_v1_0.py	release/snra-auditor-v0.1.0-rc1/scripts_run_snra_submission_reproduction_v1_0.py	True	6110	7baaad1b5eed6c61de236d38e202076822ed1042bf9fca8806baafc4f0580af1
root_or_script	scripts_profile_snra_runtime_memory_v1_0.py	release/snra-auditor-v0.1.0-rc1/scripts_profile_snra_runtime_memory_v1_0.py	True	7379	9f3261d1d8f97c22de32d9efc0ecc55dd2f6b6e466c223338e7598cdd0ebe826
root_or_script	scripts_run_snra_synthetic_truth_benchmark_v1_0.py	release/snra-auditor-v0.1.0-rc1/scripts_run_snra_synthetic_truth_benchmark_v1_0.py	True	22322	c1b06301e1e88d10fb9f63dbf1cb748d9fc3ad4894d2d2ce314aae41f783568e
root_or_script	scripts_assemble_snra_final_figure_package_v1_0.py	release/snra-auditor-v0.1.0-rc1/scripts_assemble_snra_final_figure_package_v1_0.py	True	7822	039df1984bdf8f51a6967e11c7a56fd1200439e89d22d32bddf9aa6baa8cafa4
root_or_script	scripts_polish_snra_final_artwork_v1_1.py	release/snra-auditor-v0.1.0-rc1/scripts_polish_snra_final_artwork_v1_1.py	True	7399	cab55215053500ac96bbcc2b6d5950dbcdbb60d2eb56b81d88ae9f987c3206e2
root_or_script	scripts_prepare_snra_release_candidate_v1_0.py	release/snra-auditor-v0.1.0-rc1/scripts_prepare_snra_release_candidate_v1_0.py	True	11833	ef21ccab1c41fb56dd6b8fe9d1e3c634c72ee513efab61c3ea6ff1deff29fdaa
root_or_script	scripts_download_panoptils_manual_labels_v1_0.py	release/snra-auditor-v0.1.0-rc1/scripts_download_panoptils_manual_labels_v1_0.py	True	7415	29f54a7f34666b7461bd6b4daefd35a90aebdcda447134e78a4b95e07b1caaf3
root_or_script	scripts_audit_panoptils_manual_subset_adapter_v1_0.py	release/snra-auditor-v0.1.0-rc1/scripts_audit_panoptils_manual_subset_adapter_v1_0.py	True	6599	6bf8b8b760c11f3c67a5e2b37d0c73dfa5fcd91f68faf3c08d974420c5ad4b55
root_or_script	scripts_run_snra_panoptils_manual_validation_v1_0.py	release/snra-auditor-v0.1.0-rc1/scripts_run_snra_panoptils_manual_validation_v1_0.py	True	5788	db89e80d38a0c598d991e2f36af8481d44148d32b224556a57e85852ea6046cd
manuscript_doc	docs/SNRA_manuscript_draft_v0_6.md	release/snra-auditor-v0.1.0-rc1/docs/SNRA_manuscript_draft_v0_6.md	True	32401	c33335d1fd04ce7f26b6e4487fa679e8c41f53ae480016e95dfd669766a0a683
manuscript_doc	docs/SNRA_NatureMethods_submission_package_inventory_v1_0.md	release/snra-auditor-v0.1.0-rc1/docs/SNRA_NatureMethods_submission_package_inventory_v1_0.md	True	5312	1ba42a7b0751e73168096f1197a2778f22103af495630e729a4925baf05d9e12
manuscript_doc	docs/SNRA_NatureMethods_post_repair_reviewer_audit_v1_2.md	release/snra-auditor-v0.1.0-rc1/docs/SNRA_NatureMethods_post_repair_reviewer_audit_v1_2.md	True	3661	37dca74bb25e4a93eeb3fc715058df6088efd9fd96047405a1c437b30101eeba
manuscript_doc	docs/SNRA_blocker_resolution_report_v1_0.md	release/snra-auditor-v0.1.0-rc1/docs/SNRA_blocker_resolution_report_v1_0.md	True	3730	6730d1c65f71cf76c096cfab1ee1806a7dc4c6c9e35989ad58927012a3ba0c2d
manuscript_doc	docs/SNRA_public_release_DOI_readiness_v1_0.md	release/snra-auditor-v0.1.0-rc1/docs/SNRA_public_release_DOI_readiness_v1_0.md	True	2033	a23488a2bf4664a81283753376ef1606845caebca9bc4d474b5de2814a1c01e8
manuscript_doc	docs/SNRA_public_DOI_execution_status_v1_1.md	release/snra-auditor-v0.1.0-rc1/docs/SNRA_public_DOI_execution_status_v1_1.md	True	2074	3bc77334ade18a87d3a246d819ea8f720d2d817111aa93a228ffa8cc11485964
manuscript_doc	docs/SNRA_clean_env_CI_report_v1_0.md	release/snra-auditor-v0.1.0-rc1/docs/SNRA_clean_env_CI_report_v1_0.md	True	1892	b35ee3362443c82e2c45df1570f76d826eddc8210d5659fa58f4ef649b8214c6
manuscript_doc	docs/SNRA_release_candidate_clean_CI_report_v1_1.md	release/snra-auditor-v0.1.0-rc1/docs/SNRA_release_candidate_clean_CI_report_v1_1.md	True	2019	fbe3d8a182c69090bcbf27f083ba15043e08c62ea323ad66980348d523628d7c
manuscript_doc	docs/SNRA_release_candidate_clean_CI_report_v1_2.md	release/snra-auditor-v0.1.0-rc1/docs/SNRA_release_candidate_clean_CI_report_v1_2.md	True	2019	0832adcc3ffd64968fc7d5465d1b9c16626335cc768e480f0e330ab4ad09add0
manuscript_doc	docs/SNRA_release_candidate_rc1_finalization_report.md	release/snra-auditor-v0.1.0-rc1/docs/SNRA_release_candidate_rc1_finalization_report.md	True	2329	917fed9006382b880c066c3da456b7c10a2d1f18ab511ce7a6939a34b8d3122f
manuscript_doc	docs/SNRA_post_PanopTILs_DOI_status_reviewer_audit_v1_3.md	release/snra-auditor-v0.1.0-rc1/docs/SNRA_post_PanopTILs_DOI_status_reviewer_audit_v1_3.md	True	2682	73c53bc4e5bc21b0a16a2e67316b5e2f7e97a9e896e0a91f170df45b3179da9b
manuscript_doc	docs/SNRA_NatureMethods_figure_production_polish_v1_0.md	release/snra-auditor-v0.1.0-rc1/docs/SNRA_NatureMethods_figure_production_polish_v1_0.md	True	2134	78902fdf9a7cad574406241ab7d060d6eb56b61925221fb00bf1bd27a5322aaa
manuscript_doc	docs/SNRA_final_artwork_pass_v1_1.md	release/snra-auditor-v0.1.0-rc1/docs/SNRA_final_artwork_pass_v1_1.md	True	711	873545ebb0eea5d97b054451015a2286395bd1093e3bb143446fe4108b617c41
manuscript_doc	docs/SNRA_independent_cell_level_validation_plan_v1_1.md	release/snra-auditor-v0.1.0-rc1/docs/SNRA_independent_cell_level_validation_plan_v1_1.md	True	5017	2155078c91bd160ba1966a692c895f2ee8df0cc024f53564c9cd7d5a59c8986a
manuscript_doc	docs/SNRA_jacksonfischer2020_imc_metadata_adapter_v1_0.md	release/snra-auditor-v0.1.0-rc1/docs/SNRA_jacksonfischer2020_imc_metadata_adapter_v1_0.md	True	1581	f4c8cfd5fb1e8d0c2ba24aee607fdd7ca9c335c694825743ca62855b97553fc7
manuscript_doc	docs/SNRA_PanopTILs_manual_validation_v1_0.md	release/snra-auditor-v0.1.0-rc1/docs/SNRA_PanopTILs_manual_validation_v1_0.md	True	3878	81a503ebd9b6d10f43492b365c2456b3b3dac58521f3f6abf5276c10a1f6e560
manuscript_doc	docs/SNRA_synthetic_truth_benchmark_v1_0.md	release/snra-auditor-v0.1.0-rc1/docs/SNRA_synthetic_truth_benchmark_v1_0.md	True	8242	07e6fd60201198c535a708d33a83ba428b4eb4b3490e400012c72094038c3d97
manuscript_doc	docs/SNRA_NatureMethods_reproducibility_checklist_v1_0.md	release/snra-auditor-v0.1.0-rc1/docs/SNRA_NatureMethods_reproducibility_checklist_v1_0.md	True	6614	3661ed9b06aa03735cc6197b1c958ee9465bfbfb49f1c0843ca4ae16ce71f3b7
manuscript_doc	docs/SNRA_package_quickstart_v1_1.md	release/snra-auditor-v0.1.0-rc1/docs/SNRA_package_quickstart_v1_1.md	True	4493	618ed84c772a36688596b8514ebc0a4a98efde27f6ee653155e8dcecad166080
manuscript_doc	docs/SNRA_runtime_memory_report_v1_0.md	release/snra-auditor-v0.1.0-rc1/docs/SNRA_runtime_memory_report_v1_0.md	True	1099	9b6c45c57c4e16fb07c0a2087d9f2266b4518c247414a6d45e192132ea645b43
small_result_summary	results/snra_clean_env_ci_v1_0/clean_env_command_log.tsv	release/snra-auditor-v0.1.0-rc1/results/snra_clean_env_ci_v1_0/clean_env_command_log.tsv	True	1663	cc58f7750d866bad2c56ccfce0000d8195d5a67b202a0ec43423e067fd2eb82b
small_result_summary	results/snra_clean_env_ci_v1_0/core_manifest/snra_manifest_audit_summary_v0_1.tsv	release/snra-auditor-v0.1.0-rc1/results/snra_clean_env_ci_v1_0/core_manifest/snra_manifest_audit_summary_v0_1.tsv	True	2318	20691adcfec9871e2ad0c160483303372304bbc0aeb2b3713b6b63116e751eb3
small_result_summary	results/snra_release_candidate_clean_ci_v1_2/clean_env_command_log.tsv	release/snra-auditor-v0.1.0-rc1/results/snra_release_candidate_clean_ci_v1_2/clean_env_command_log.tsv	True	2032	19eb53e8ebb31f04133d27b0e22a6b9bb364148302e5d18f44365b4c7af33ea1
small_result_summary	results/snra_synthetic_truth_benchmark_v1_0/benchmark_summary.tsv	release/snra-auditor-v0.1.0-rc1/results/snra_synthetic_truth_benchmark_v1_0/benchmark_summary.tsv	True	988	97d6f545d4ee5629c2570b93a82d30a72e77e2bfe0c1da797a05eaeea990dfc6
small_result_summary	results/snra_phase0_10_v0_1/snra_crc_st_composition_aware_audit_summary_v0_1.tsv	release/snra-auditor-v0.1.0-rc1/results/snra_phase0_10_v0_1/snra_crc_st_composition_aware_audit_summary_v0_1.tsv	True	587	ed3de1891dfa91e1c6db99baff7563cc34cc114855e5de6aab2f6d4f755e068f
small_result_summary	results/snra_phase0_10_v0_1/snra_figure_ready_benchmark_main_v0_1.tsv	release/snra-auditor-v0.1.0-rc1/results/snra_phase0_10_v0_1/snra_figure_ready_benchmark_main_v0_1.tsv	True	5181	ec70b3f2c0587f6de124f251b7c061227aff135a4e1a54a71f13070be279123d
small_result_summary	results/snra_phase0_10_v0_1/snra_figure_ready_external_validation_v0_1.tsv	release/snra-auditor-v0.1.0-rc1/results/snra_phase0_10_v0_1/snra_figure_ready_external_validation_v0_1.tsv	True	1510	71b60ac63d6cc95e0ec592ac1f456b16af7edbd4d2e1ed3fc648cf51e352c2fb
small_result_summary	results/snra_phase0_10_v0_1/snra_figure_ready_package_negative_control_calibration_v0_1.tsv	release/snra-auditor-v0.1.0-rc1/results/snra_phase0_10_v0_1/snra_figure_ready_package_negative_control_calibration_v0_1.tsv	True	2829	3233c6df917ede371fa97b6a52c7f80f49dd244433c5b506bfa1e368c3de7541
small_result_summary	results/snra_phase0_10_v0_1/snra_figure_ready_source_manifest_v0_1.tsv	release/snra-auditor-v0.1.0-rc1/results/snra_phase0_10_v0_1/snra_figure_ready_source_manifest_v0_1.tsv	True	1212	f5a239f635484d774cfab39602560e1b4cbb5011622ade4f30bddb859fb24772
small_result_summary	results/snra_phase0_10_v0_1/snra_phase_g5_container_full_package_summary_v0_2.tsv	release/snra-auditor-v0.1.0-rc1/results/snra_phase0_10_v0_1/snra_phase_g5_container_full_package_summary_v0_2.tsv	True	2932	fc08b0cd864f0d863c7ba55a108f7dd7c989d28cc8ba95f718823c04a7f84a68
small_result_summary	results/snra_phase0_10_v0_1/snra_phase_g5_package_benchmark_summary_v0_1.tsv	release/snra-auditor-v0.1.0-rc1/results/snra_phase0_10_v0_1/snra_phase_g5_package_benchmark_summary_v0_1.tsv	True	4957	88ffed1cc9feb7120dca7dbe11a68f3e2a3fb77ca59a93aafe3ba41b4b8a8490
small_result_summary	results/snra_phase0_10_v0_1/snra_plan_f_bcc_cosmx_morphology_composition_aware_audit_summary_v0_1.tsv	release/snra-auditor-v0.1.0-rc1/results/snra_phase0_10_v0_1/snra_plan_f_bcc_cosmx_morphology_composition_aware_audit_summary_v0_1.tsv	True	518	bb4a1ce2ee27cbc6b38be34152653a87454a50d758e12436867614c34aa0843c
small_result_summary	results/snra_phase0_10_v0_1/snra_tonic_lineage_boundary_digest_v0_1.tsv	release/snra-auditor-v0.1.0-rc1/results/snra_phase0_10_v0_1/snra_tonic_lineage_boundary_digest_v0_1.tsv	True	1234	7fcc5b64ddbe6286b5fdb6f12f3b911099dceab6ff3dd864e1f3509c9c3eba94
small_result_summary	results/snra_phase0_10_v0_1/snra_wu_breast_composition_aware_audit_summary_v0_1.tsv	release/snra-auditor-v0.1.0-rc1/results/snra_phase0_10_v0_1/snra_wu_breast_composition_aware_audit_summary_v0_1.tsv	True	557	62d3b8bb122a7a05861095f4c625dab0d445cea51dd5cd0647ff44b2e6b3435a
small_result_summary	results/snra_jacksonfischer2020_imc_metadata_v1_0/metadata_audit_summary.tsv	release/snra-auditor-v0.1.0-rc1/results/snra_jacksonfischer2020_imc_metadata_v1_0/metadata_audit_summary.tsv	True	272	d9afb69496d6b7c0e3f192a3a24418bc7cdbbc6b7706403c3de05d1493755c3b
small_result_summary	results/snra_jacksonfischer2020_imc_metadata_v1_0/coldata_snra_schema_audit.tsv	release/snra-auditor-v0.1.0-rc1/results/snra_jacksonfischer2020_imc_metadata_v1_0/coldata_snra_schema_audit.tsv	True	4711	4a25df9100cdca43423a54579020d07ac9ce67775fa6e6ae646c84ded494cc9d
small_result_summary	results/snra_jacksonfischer2020_imc_metadata_v1_0/coldata_candidate_columns.tsv	release/snra-auditor-v0.1.0-rc1/results/snra_jacksonfischer2020_imc_metadata_v1_0/coldata_candidate_columns.tsv	True	3990	dd7105b75a5775c236d92253ec217a8dedfed879642048bf0cdd2b47e102ea77
small_result_summary	results/snra_panoptils_manual_adapter_v1_0/panoptils_manual_adapter_decision.tsv	release/snra-auditor-v0.1.0-rc1/results/snra_panoptils_manual_adapter_v1_0/panoptils_manual_adapter_decision.tsv	True	340	3e45b68a5453d1c406ad24329124539f2480809dd181cee0bc51a390a59d6f22
small_result_summary	results/snra_panoptils_manual_adapter_v1_0/panoptils_manual_roi_audit.tsv	release/snra-auditor-v0.1.0-rc1/results/snra_panoptils_manual_adapter_v1_0/panoptils_manual_roi_audit.tsv	True	8561	084f7d9f2810a28e5b0404f0737eea252c0287aeea65052c6aae6b40c5109f14
small_result_summary	results/snra_panoptils_manual_validation_v1_0/panoptils_manual_validation_summary.tsv	release/snra-auditor-v0.1.0-rc1/results/snra_panoptils_manual_validation_v1_0/panoptils_manual_validation_summary.tsv	True	331	caef41e1e9d98ca5aa5a0b07332c621f3842894b4a6dbe12d5869c33bd464ce3
small_result_summary	results/snra_panoptils_manual_validation_v1_0/panoptils_manual_validation_controls.tsv	release/snra-auditor-v0.1.0-rc1/results/snra_panoptils_manual_validation_v1_0/panoptils_manual_validation_controls.tsv	True	563	f983830313bd4b3b0a4c21b1ab6aaa81279b6b5a5f70a959cf71d6a8275078c2
small_result_summary	results/snra_panoptils_manual_validation_v1_0/panoptils_manual_region_cell_counts.tsv	release/snra-auditor-v0.1.0-rc1/results/snra_panoptils_manual_validation_v1_0/panoptils_manual_region_cell_counts.tsv	True	277	fa30fc1353238b4c0afcaa436f4210e2077ee6819e49e5e4d218db0a0b893f39
release_metadata	metadata/snra/snra_claim_control_taxonomy_v1_0.tsv	release/snra-auditor-v0.1.0-rc1/metadata/snra/snra_claim_control_taxonomy_v1_0.tsv	True	11069	f2fd761b319b8fa62c53b22df1871fb701edbbfd7cfcb90e49481a440a84b85e
release_metadata	metadata/snra/snra_claim_ledger_v0_9.tsv	release/snra-auditor-v0.1.0-rc1/metadata/snra/snra_claim_ledger_v0_9.tsv	True	8222	132b5a4d566badf004d0924ba855760dbca0fa5ccf23bd13f5a9cb25829aef3d
release_metadata	metadata/snra/snra_independent_cell_level_validation_candidates_v1_1.tsv	release/snra-auditor-v0.1.0-rc1/metadata/snra/snra_independent_cell_level_validation_candidates_v1_1.tsv	True	3973	ee02209df5f3f02c7f3be2625bec45c291d08de16a4341c01fb798b0d65a7501
release_metadata	metadata/snra/snra_jacksonfischer2020_imc_metadata_decision_v1_0.tsv	release/snra-auditor-v0.1.0-rc1/metadata/snra/snra_jacksonfischer2020_imc_metadata_decision_v1_0.tsv	True	481	0b28f822002aff05acc8236dd8f4f0fb9c0de0c1222fd6861d30feb86938b848
release_metadata	metadata/snra/snra_manifest_core_evidence_v0_1.json	release/snra-auditor-v0.1.0-rc1/metadata/snra/snra_manifest_core_evidence_v0_1.json	True	1488	06bd5c5f7c9db966938a04cac4ee713d0293bbdcdf444c4625f8ec9391f3789f
release_metadata	metadata/snra/snra_manifest_g5_package_v0_1.json	release/snra-auditor-v0.1.0-rc1/metadata/snra/snra_manifest_g5_package_v0_1.json	True	415	07d54cbf9509efb2dbfc09e0c2086c8f7e84d6db93d82393d26d395e2f46c676
release_metadata	metadata/snra/snra_nature_methods_stage_revision_matrix_v1_0.tsv	release/snra-auditor-v0.1.0-rc1/metadata/snra/snra_nature_methods_stage_revision_matrix_v1_0.tsv	True	5879	082cfdc5cff0bec0151cc1bdb959a14e3e140e19e43f095dc7395e80c2c2d10c
release_metadata	metadata/snra/snra_release_artifact_manifest_v1_0.tsv	release/snra-auditor-v0.1.0-rc1/metadata/snra/snra_release_artifact_manifest_v1_0.tsv	True	1422	91454242d64f7c6e8d1462a9ccff0feb442e8031e0a7515182130cdba96c2e8f
release_metadata	metadata/snra/snra_release_candidate_rc1_manifest.tsv	release/snra-auditor-v0.1.0-rc1/metadata/snra/snra_release_candidate_rc1_manifest.tsv	True	43174	cd9babb2700a5904096c5f8cebe6810c385c3355fb14a0afd93d607293b1a439
release_metadata	metadata/snra/snra_verified_dataset_citation_table_v1_0.tsv	release/snra-auditor-v0.1.0-rc1/metadata/snra/snra_verified_dataset_citation_table_v1_0.tsv	True	8704	1ca357fff222f876e7c7a59901e649877a7517e6bc66507a565c98c347d6a449
focused_test	tests/test_snra_package_prototype_v0_1.py	release/snra-auditor-v0.1.0-rc1/tests/test_snra_package_prototype_v0_1.py	True	5962	8537629fb13a84a12d9fd99da15a178d80dc6b5ff4eed1248a5145be8a6c8d29
focused_test	tests/test_snra_regression_inputs_v0_1.py	release/snra-auditor-v0.1.0-rc1/tests/test_snra_regression_inputs_v0_1.py	True	4484	0ca87d3a0030953697bb3f7b7b5741618e6925946e9dd8ca64756753b3e73723
focused_test	tests/test_snra_manifest_cli_v0_1.py	release/snra-auditor-v0.1.0-rc1/tests/test_snra_manifest_cli_v0_1.py	True	4581	8b33300a2a5cb97f58ae105d9742544fd0343a5b24d4e7d74d8a363920566f2d
focused_test	tests/snra/test_snra_minimal.py	release/snra-auditor-v0.1.0-rc1/tests/snra/test_snra_minimal.py	True	982	91ecf954b901ee467ea84c58063993e8ec9796ee7a7e79a36f9ce72a06903abe
allow_dir:src/snra	src/snra/__init__.py	release/snra-auditor-v0.1.0-rc1/src/snra/__init__.py	True	494	de7329c244890ecd26773efe449904c92ef44dacecab8ad46e34cd7c906009e2
allow_dir:src/snra	src/snra/audit.py	release/snra-auditor-v0.1.0-rc1/src/snra/audit.py	True	11112	93dd6f717667547f52b99e111e34ca2c3ffdb2929486fae4286cd304f0526eee
allow_dir:src/snra	src/snra/audit_card_v0_1.py	release/snra-auditor-v0.1.0-rc1/src/snra/audit_card_v0_1.py	True	2955	e317b40e1b73f96b380782c29ac918784c218a4fa0277132668061f4f9e64519
allow_dir:src/snra	src/snra/certificate_scorer_v0_1.py	release/snra-auditor-v0.1.0-rc1/src/snra/certificate_scorer_v0_1.py	True	4993	7c473b9719cc964b88b1f20757bbd25e40fccfa4dd2e2232e77291b64ba8e74b
allow_dir:src/snra	src/snra/cli_v0_1.py	release/snra-auditor-v0.1.0-rc1/src/snra/cli_v0_1.py	True	13689	5ebb37c823929356b170441c00378a4f64ff402918b3ddeb0435fb74dfa4fffc
allow_dir:src/snra	src/snra/conformal.py	release/snra-auditor-v0.1.0-rc1/src/snra/conformal.py	True	908	780a38f354aeb2cef8dd220564082232fdb961689a6444b42d9de05f87c9b858
allow_dir:src/snra	src/snra/contract.py	release/snra-auditor-v0.1.0-rc1/src/snra/contract.py	True	2893	50ebdc7331dabf33a9837c3ac0fb4d3638feccbc49c65d882cbe1eaf19d24392
allow_dir:src/snra	src/snra/controls.py	release/snra-auditor-v0.1.0-rc1/src/snra/controls.py	True	1564	6420195e7b1337addbbb9717394c7173263e47b9522d09e29aac775ec34b92a7
allow_dir:src/snra	src/snra/graph.py	release/snra-auditor-v0.1.0-rc1/src/snra/graph.py	True	2690	014ceb8fe0b447f20683ebe3627d2de9544c5d5e98a3252a45ed40dd24866a2b
allow_dir:src/snra	src/snra/input_contract_v0_1.py	release/snra-auditor-v0.1.0-rc1/src/snra/input_contract_v0_1.py	True	4232	fd530fb7f48d06469f70fc2d2a984629974a33a164ffd31794c99ac2bc6e6f06
allow_dir:src/snra	src/snra/null_ladder_v0_1.py	release/snra-auditor-v0.1.0-rc1/src/snra/null_ladder_v0_1.py	True	3088	ae7c20655e17a25422cca71345e17251555a8603491a2ecfcfc8908b96ae0ba8
allow_dir:src/snra	src/snra/null_models.py	release/snra-auditor-v0.1.0-rc1/src/snra/null_models.py	True	4003	34840ee115c3809e3ad66a5d178caea06ac8d345460c53e28d4e683b37c1b6d3
allow_dir:src/snra	src/snra/retrieval.py	release/snra-auditor-v0.1.0-rc1/src/snra/retrieval.py	True	4272	b130f22fc6fb6ea7e3531762d6393c0a2af9ab16f0032ee810276103c779a3ff
allow_dir:src/snra	src/snra/robustness.py	release/snra-auditor-v0.1.0-rc1/src/snra/robustness.py	True	1235	a6e96dd484df0717858a64c56a65fe6d55bda07cb14d2400af6e7d99822a7e98
allow_dir:src/snra	src/snra/simulation.py	release/snra-auditor-v0.1.0-rc1/src/snra/simulation.py	True	2107	3952e67e0b1bc3811cee5f3e62b4258e1b796a5b213823c4fb2d5ec5f34e66b6
allow_dir:src/snra	src/snra/topology.py	release/snra-auditor-v0.1.0-rc1/src/snra/topology.py	True	1908	bf501c46e1e341a7681a56ff942fca1862d860065acd1c3b5743998a50bf2468
allow_dir:src/snra	src/snra/topology_benchmark.py	release/snra-auditor-v0.1.0-rc1/src/snra/topology_benchmark.py	True	3988	279a02185ecf7993068fe2130bc75bb3b9fb64145e1ab59a99140716830482e5
allow_dir:examples/snra	examples/snra/README.md	release/snra-auditor-v0.1.0-rc1/examples/snra/README.md	True	1866	ac4eaa91362d330a97bd03be8123eb942ce1acd0332ffb272f921d79e0c3b4ec
allow_dir:examples/snra	examples/snra/snra_manifest_core_evidence_example_v0_1.json	release/snra-auditor-v0.1.0-rc1/examples/snra/snra_manifest_core_evidence_example_v0_1.json	True	1554	a06a1e107ccb4741d64fb6713b949b8e40614301cdc97813817ba739074ac309
allow_dir:examples/snra	examples/snra/snra_manifest_g5_package_example_v0_1.json	release/snra-auditor-v0.1.0-rc1/examples/snra/snra_manifest_g5_package_example_v0_1.json	True	435	7010159b8bcbe27c2cde30ae5c51d8ae769ac37b508c25c71c142759e3d56ff3
allow_dir:figures/final_nm_v1_0	figures/final_nm_v1_0/Figure1_SNRA_NatureMethods_final_v1_0.pdf	release/snra-auditor-v0.1.0-rc1/figures/final_nm_v1_0/Figure1_SNRA_NatureMethods_final_v1_0.pdf	True	55434	6a4b1a2f6338a7e944a327b67cee34bf5d7a799a9022a59824eb5cc1a8540911
allow_dir:figures/final_nm_v1_0	figures/final_nm_v1_0/Figure1_SNRA_NatureMethods_final_v1_0.png	release/snra-auditor-v0.1.0-rc1/figures/final_nm_v1_0/Figure1_SNRA_NatureMethods_final_v1_0.png	True	538272	dfbffb10a9e081e93989831da381c27e3659fd6316bc6c571be0fda3da7e96c3
allow_dir:figures/final_nm_v1_0	figures/final_nm_v1_0/Figure1_SNRA_NatureMethods_final_v1_0.svg	release/snra-auditor-v0.1.0-rc1/figures/final_nm_v1_0/Figure1_SNRA_NatureMethods_final_v1_0.svg	True	39834	19403e94f2118d5c79f65cb988c7fc8c6801f6bee2817b16226de968ab3cc917
allow_dir:figures/final_nm_v1_0	figures/final_nm_v1_0/Figure2_SNRA_NatureMethods_final_v1_0.pdf	release/snra-auditor-v0.1.0-rc1/figures/final_nm_v1_0/Figure2_SNRA_NatureMethods_final_v1_0.pdf	True	86265	7aead6f2d3290b95dace4a4058e93a71f65e77a2b258f502c299095359c0764c
allow_dir:figures/final_nm_v1_0	figures/final_nm_v1_0/Figure2_SNRA_NatureMethods_final_v1_0.png	release/snra-auditor-v0.1.0-rc1/figures/final_nm_v1_0/Figure2_SNRA_NatureMethods_final_v1_0.png	True	911154	6eb50540145bc62a35a156646807d557bf3d0b20bcb01d14444902fd96a81277
allow_dir:figures/final_nm_v1_0	figures/final_nm_v1_0/Figure2_SNRA_NatureMethods_final_v1_0.svg	release/snra-auditor-v0.1.0-rc1/figures/final_nm_v1_0/Figure2_SNRA_NatureMethods_final_v1_0.svg	True	311873	d6aebbe043c2ed09113bc3d39f58ef267840d87cc70d34267844687f83399570
allow_dir:figures/final_nm_v1_0	figures/final_nm_v1_0/Figure3_SNRA_NatureMethods_final_v1_0.pdf	release/snra-auditor-v0.1.0-rc1/figures/final_nm_v1_0/Figure3_SNRA_NatureMethods_final_v1_0.pdf	True	88822	465da6332431f8bb5cb351c845f79cbc749fbba4219c37c86b0872cdc17956ed
allow_dir:figures/final_nm_v1_0	figures/final_nm_v1_0/Figure3_SNRA_NatureMethods_final_v1_0.png	release/snra-auditor-v0.1.0-rc1/figures/final_nm_v1_0/Figure3_SNRA_NatureMethods_final_v1_0.png	True	938477	c5c7970495a0ef457bce329bf140fc2153d73a8e275114b5c9c91a771ff18a1f
allow_dir:figures/final_nm_v1_0	figures/final_nm_v1_0/Figure3_SNRA_NatureMethods_final_v1_0.svg	release/snra-auditor-v0.1.0-rc1/figures/final_nm_v1_0/Figure3_SNRA_NatureMethods_final_v1_0.svg	True	360611	441ecd1359d00aa7e8c6c2e5d3f1c748f9cf8e78370a9b2ba5b27800cbf43c47
allow_dir:figures/final_nm_v1_0	figures/final_nm_v1_0/Figure4_SNRA_NatureMethods_final_v1_0.pdf	release/snra-auditor-v0.1.0-rc1/figures/final_nm_v1_0/Figure4_SNRA_NatureMethods_final_v1_0.pdf	True	59541	42203f96de60389c6521a5ad5e0a6f933790ddfd002b968401024bdf80c047fb
allow_dir:figures/final_nm_v1_0	figures/final_nm_v1_0/Figure4_SNRA_NatureMethods_final_v1_0.png	release/snra-auditor-v0.1.0-rc1/figures/final_nm_v1_0/Figure4_SNRA_NatureMethods_final_v1_0.png	True	485982	8bda601e1e7e844231daed233c05d5fb7ef4e130212c69ddf46fe706a524e860
allow_dir:figures/final_nm_v1_0	figures/final_nm_v1_0/Figure4_SNRA_NatureMethods_final_v1_0.svg	release/snra-auditor-v0.1.0-rc1/figures/final_nm_v1_0/Figure4_SNRA_NatureMethods_final_v1_0.svg	True	71145	107e1589a6c3bf0642259d83be8e075a01078d5e683706c152ecbb4c5745b8db
allow_dir:figures/final_nm_v1_0	figures/final_nm_v1_0/Figure5_SNRA_NatureMethods_final_v1_0.pdf	release/snra-auditor-v0.1.0-rc1/figures/final_nm_v1_0/Figure5_SNRA_NatureMethods_final_v1_0.pdf	True	126169	410beb7fbfb211b560c79b504711f89594bbbf1543f379cfbc42e26a492d3ea8
allow_dir:figures/final_nm_v1_0	figures/final_nm_v1_0/Figure5_SNRA_NatureMethods_final_v1_0.png	release/snra-auditor-v0.1.0-rc1/figures/final_nm_v1_0/Figure5_SNRA_NatureMethods_final_v1_0.png	True	1016284	21a51ac473411f4749b55d8ef76537cdab2ab5dd5012085e99294a96e17508fe
allow_dir:figures/final_nm_v1_0	figures/final_nm_v1_0/Figure5_SNRA_NatureMethods_final_v1_0.svg	release/snra-auditor-v0.1.0-rc1/figures/final_nm_v1_0/Figure5_SNRA_NatureMethods_final_v1_0.svg	True	779643	a951648dc988dcf4ce93a56cd3cb3dfa2f47d4c50c0ae2f40940a5ab8c6af6af
allow_dir:figures/final_nm_v1_0	figures/final_nm_v1_0/Figure6_SNRA_NatureMethods_final_v1_0.pdf	release/snra-auditor-v0.1.0-rc1/figures/final_nm_v1_0/Figure6_SNRA_NatureMethods_final_v1_0.pdf	True	55391	aa54c0673989925c94e0d4529b4d4de59875a2a843a979a0519022a9fde31d3c
allow_dir:figures/final_nm_v1_0	figures/final_nm_v1_0/Figure6_SNRA_NatureMethods_final_v1_0.png	release/snra-auditor-v0.1.0-rc1/figures/final_nm_v1_0/Figure6_SNRA_NatureMethods_final_v1_0.png	True	528775	8c358e6902bf06bcf04a96b6b0e4b441613dbcbba6405ccf3cec257840ca56c1
allow_dir:figures/final_nm_v1_0	figures/final_nm_v1_0/Figure6_SNRA_NatureMethods_final_v1_0.svg	release/snra-auditor-v0.1.0-rc1/figures/final_nm_v1_0/Figure6_SNRA_NatureMethods_final_v1_0.svg	True	42168	d9aa7b9bb13ca5d85c5036f69103bdbcc7b21703a7a7f048c8df855893739268
allow_dir:figures/final_nm_v1_1_artwork	figures/final_nm_v1_1_artwork/Figure1_SNRA_NatureMethods_artwork_v1_1.pdf	release/snra-auditor-v0.1.0-rc1/figures/final_nm_v1_1_artwork/Figure1_SNRA_NatureMethods_artwork_v1_1.pdf	True	532215	a17d8e252bfd0cac8e93fb8dd1026f2dff76ba1ee05ed3dee6dba9ea4c5edc4a
allow_dir:figures/final_nm_v1_1_artwork	figures/final_nm_v1_1_artwork/Figure1_SNRA_NatureMethods_artwork_v1_1.png	release/snra-auditor-v0.1.0-rc1/figures/final_nm_v1_1_artwork/Figure1_SNRA_NatureMethods_artwork_v1_1.png	True	593163	b24e79e1fa3a9bcd51f56ee79f0177e1a31b19366f40287edb35a52d11dbdb17
allow_dir:figures/final_nm_v1_1_artwork	figures/final_nm_v1_1_artwork/Figure1_SNRA_NatureMethods_artwork_v1_1.svg	release/snra-auditor-v0.1.0-rc1/figures/final_nm_v1_1_artwork/Figure1_SNRA_NatureMethods_artwork_v1_1.svg	True	654058	a6ea021e23600e4b8555f054cb18ea0b52d478e4fa3ef987992d8101ccefb23e
allow_dir:figures/final_nm_v1_1_artwork	figures/final_nm_v1_1_artwork/Figure2_SNRA_NatureMethods_artwork_v1_1.pdf	release/snra-auditor-v0.1.0-rc1/figures/final_nm_v1_1_artwork/Figure2_SNRA_NatureMethods_artwork_v1_1.pdf	True	783677	29810f0564332742161b8700aec61d59f2a5c225982692a378f724300a994960
allow_dir:figures/final_nm_v1_1_artwork	figures/final_nm_v1_1_artwork/Figure2_SNRA_NatureMethods_artwork_v1_1.png	release/snra-auditor-v0.1.0-rc1/figures/final_nm_v1_1_artwork/Figure2_SNRA_NatureMethods_artwork_v1_1.png	True	874126	3db1dac0b567731bb0721278d9a2a9e509690809c2e8b0475ebd79ecb60c261e
allow_dir:figures/final_nm_v1_1_artwork	figures/final_nm_v1_1_artwork/Figure2_SNRA_NatureMethods_artwork_v1_1.svg	release/snra-auditor-v0.1.0-rc1/figures/final_nm_v1_1_artwork/Figure2_SNRA_NatureMethods_artwork_v1_1.svg	True	1019342	02c6ec594e81ca361abaf7a93296a96b36285405c83ae1f81d57679c8f4eaca4
allow_dir:figures/final_nm_v1_1_artwork	figures/final_nm_v1_1_artwork/Figure3_SNRA_NatureMethods_artwork_v1_1.pdf	release/snra-auditor-v0.1.0-rc1/figures/final_nm_v1_1_artwork/Figure3_SNRA_NatureMethods_artwork_v1_1.pdf	True	815414	ece25e6978f6c2594a7c1ace9199289f2260feafefaec063d51ec71805481ee6
allow_dir:figures/final_nm_v1_1_artwork	figures/final_nm_v1_1_artwork/Figure3_SNRA_NatureMethods_artwork_v1_1.png	release/snra-auditor-v0.1.0-rc1/figures/final_nm_v1_1_artwork/Figure3_SNRA_NatureMethods_artwork_v1_1.png	True	894333	73d6c05e7264bfdf1be8b2f6cd84a2e1d1ad0ae83dc6361cbd77fc412d62de74
allow_dir:figures/final_nm_v1_1_artwork	figures/final_nm_v1_1_artwork/Figure3_SNRA_NatureMethods_artwork_v1_1.svg	release/snra-auditor-v0.1.0-rc1/figures/final_nm_v1_1_artwork/Figure3_SNRA_NatureMethods_artwork_v1_1.svg	True	1049405	fd0710d6720d2dea8ec914ae554ab0019fea9e831b625561966bdf1c94c6438d
allow_dir:figures/final_nm_v1_1_artwork	figures/final_nm_v1_1_artwork/Figure4_SNRA_NatureMethods_artwork_v1_1.pdf	release/snra-auditor-v0.1.0-rc1/figures/final_nm_v1_1_artwork/Figure4_SNRA_NatureMethods_artwork_v1_1.pdf	True	479754	309a969a2069346427a496320e6014fc5a85c8357f09d8bfcd827eb3ba0a4434
allow_dir:figures/final_nm_v1_1_artwork	figures/final_nm_v1_1_artwork/Figure4_SNRA_NatureMethods_artwork_v1_1.png	release/snra-auditor-v0.1.0-rc1/figures/final_nm_v1_1_artwork/Figure4_SNRA_NatureMethods_artwork_v1_1.png	True	545782	0bd7dab81b2f9463c29186427865b3f3c5b261d73eb7cbb1d8bb78637649568d
allow_dir:figures/final_nm_v1_1_artwork	figures/final_nm_v1_1_artwork/Figure4_SNRA_NatureMethods_artwork_v1_1.svg	release/snra-auditor-v0.1.0-rc1/figures/final_nm_v1_1_artwork/Figure4_SNRA_NatureMethods_artwork_v1_1.svg	True	600777	48a2c97fdb044a13a51a46894f774baa75f4cfbc4ca2f61c740a80a2b3d58bde
allow_dir:figures/final_nm_v1_1_artwork	figures/final_nm_v1_1_artwork/Figure5_SNRA_NatureMethods_artwork_v1_1.pdf	release/snra-auditor-v0.1.0-rc1/figures/final_nm_v1_1_artwork/Figure5_SNRA_NatureMethods_artwork_v1_1.pdf	True	827121	0281b19713a67882fb52bb01d58cabf9b658448352a908500c6cc82f9b9fae34
allow_dir:figures/final_nm_v1_1_artwork	figures/final_nm_v1_1_artwork/Figure5_SNRA_NatureMethods_artwork_v1_1.png	release/snra-auditor-v0.1.0-rc1/figures/final_nm_v1_1_artwork/Figure5_SNRA_NatureMethods_artwork_v1_1.png	True	913089	8b5e68ac56653077a1481679456be2b3f6f01c745fa5c58106f0c0d3c6386894
allow_dir:figures/final_nm_v1_1_artwork	figures/final_nm_v1_1_artwork/Figure5_SNRA_NatureMethods_artwork_v1_1.svg	release/snra-auditor-v0.1.0-rc1/figures/final_nm_v1_1_artwork/Figure5_SNRA_NatureMethods_artwork_v1_1.svg	True	1070930	203e0175afb56305add66d60aef8311aec741a53208fe4006aab5c965f582a06
allow_dir:figures/final_nm_v1_1_artwork	figures/final_nm_v1_1_artwork/Figure6_SNRA_NatureMethods_artwork_v1_1.pdf	release/snra-auditor-v0.1.0-rc1/figures/final_nm_v1_1_artwork/Figure6_SNRA_NatureMethods_artwork_v1_1.pdf	True	574599	19c903e7a4c78d284e6882b4bdd6d7bee51e0100a2fe60d293f3718b410079b3
allow_dir:figures/final_nm_v1_1_artwork	figures/final_nm_v1_1_artwork/Figure6_SNRA_NatureMethods_artwork_v1_1.png	release/snra-auditor-v0.1.0-rc1/figures/final_nm_v1_1_artwork/Figure6_SNRA_NatureMethods_artwork_v1_1.png	True	638589	e6deeb677bd44cac7ead0ed1413a0a8b68db7e0587c5dcab6d14c8eba13f2de9
allow_dir:figures/final_nm_v1_1_artwork	figures/final_nm_v1_1_artwork/Figure6_SNRA_NatureMethods_artwork_v1_1.svg	release/snra-auditor-v0.1.0-rc1/figures/final_nm_v1_1_artwork/Figure6_SNRA_NatureMethods_artwork_v1_1.svg	True	722435	fad879687ed9dc7cb0b7f3d3f1e40d553ed3dbba9be7ff0df1335685e37b302e
allow_dir:figures/source_data	figures/source_data/figure1_A_claim_types.tsv	release/snra-auditor-v0.1.0-rc1/figures/source_data/figure1_A_claim_types.tsv	True	390	4f388ca17ba5421e4fcd993e544e54a60a4209dcd5bce0e944427852803cd9ad
allow_dir:figures/source_data	figures/source_data/figure1_B_failure_modes.tsv	release/snra-auditor-v0.1.0-rc1/figures/source_data/figure1_B_failure_modes.tsv	True	104	7270e908d6004bb6d3d1f732669a1227aeedb6bebf970bec0338320e9153bd50
allow_dir:figures/source_data	figures/source_data/figure1_C_workflow.tsv	release/snra-auditor-v0.1.0-rc1/figures/source_data/figure1_C_workflow.tsv	True	174	bc6d5f6455c50de69f45a45673c7ee5a796d90d0e8f77330eab1f3999caa4cfb
allow_dir:figures/source_data	figures/source_data/figure1_D_audit_report_structure.tsv	release/snra-auditor-v0.1.0-rc1/figures/source_data/figure1_D_audit_report_structure.tsv	True	171	c191f70dfaa3ea32a3c73af7f04c1ac5874f900a62a6a78af30362c59d63a91e
allow_dir:figures/source_data	figures/source_data/figure1_E_robust_vs_nonrobust.tsv	release/snra-auditor-v0.1.0-rc1/figures/source_data/figure1_E_robust_vs_nonrobust.tsv	True	107	9e440df3c411f63e4d1b52613d622302e3fa77ffec96c933bb34dea1f496f12d
allow_dir:figures/source_data	figures/source_data/figure1_F_ledger_status.tsv	release/snra-auditor-v0.1.0-rc1/figures/source_data/figure1_F_ledger_status.tsv	True	74	ffcb164987c0deb27e1cf76bdadf05289b396f355d88171ca267b86d6eab6d22
allow_dir:figures/source_data	figures/source_data/figure2_A_control_taxonomy_grid.tsv	release/snra-auditor-v0.1.0-rc1/figures/source_data/figure2_A_control_taxonomy_grid.tsv	True	205	072112235150d4084a4fbc178569a6ea8cc48dac9342d52fd435c5f1ee4c0c99
allow_dir:figures/source_data	figures/source_data/figure2_B_preserve_break_table.tsv	release/snra-auditor-v0.1.0-rc1/figures/source_data/figure2_B_preserve_break_table.tsv	True	233	abc537ea93e3f49ac950ed14ba79a7ff4bf0214c38f95ca90b9a065ea4a0c6d9
allow_dir:figures/source_data	figures/source_data/figure2_C_abundance_matched_control.tsv	release/snra-auditor-v0.1.0-rc1/figures/source_data/figure2_C_abundance_matched_control.tsv	True	71453	55af3534e0ec808bfed3b55b65047164c9458c1ce98bb26eaf579adde74fb2ea
allow_dir:figures/source_data	figures/source_data/figure2_D_region_matched_control.tsv	release/snra-auditor-v0.1.0-rc1/figures/source_data/figure2_D_region_matched_control.tsv	True	77304	c684ed652a0d444269d995a3e8299bb5ae565c21f39df584190dd92383cc8dd4
allow_dir:figures/source_data	figures/source_data/figure2_E_degree_matched_control.tsv	release/snra-auditor-v0.1.0-rc1/figures/source_data/figure2_E_degree_matched_control.tsv	True	218	775b81e34f6be2cc092726d0cc4d9fca417b7f3dad6d31524a6cdb01640c8d2a
allow_dir:figures/source_data	figures/source_data/figure2_F_robustness_score.tsv	release/snra-auditor-v0.1.0-rc1/figures/source_data/figure2_F_robustness_score.tsv	True	72	8ff500851a2c87bc7412473719a2837f7aa8b6508552d495a3b2d73cee9fb67d
allow_dir:figures/source_data	figures/source_data/figure3_A_simulated_true_niche.tsv	release/snra-auditor-v0.1.0-rc1/figures/source_data/figure3_A_simulated_true_niche.tsv	True	66021	ad9f4f1913843c4a842ed9f368cab5124a7a433d05d16a2d9b320429d90d3dfb
allow_dir:figures/source_data	figures/source_data/figure3_B_composition_matched_null_tissue.tsv	release/snra-auditor-v0.1.0-rc1/figures/source_data/figure3_B_composition_matched_null_tissue.tsv	True	71421	076457a6f1c462bff7bdcded915b55b2b2a38ee58e621583a50f3847051606cf
allow_dir:figures/source_data	figures/source_data/figure3_C_false_positive_rate.tsv	release/snra-auditor-v0.1.0-rc1/figures/source_data/figure3_C_false_positive_rate.tsv	True	485	63969235c40c3dbbf9ab5c021bee26f627ec68e2b366c5d723a966829aec96d7
allow_dir:figures/source_data	figures/source_data/figure3_D_matched_control_calibration.tsv	release/snra-auditor-v0.1.0-rc1/figures/source_data/figure3_D_matched_control_calibration.tsv	True	973	a0fcf6d3c3f8dc472c143e3f268ce4c75c83597e24c23c932d9cde3a045ad96e
allow_dir:figures/source_data	figures/source_data/figure3_E_sensitivity_specificity.tsv	release/snra-auditor-v0.1.0-rc1/figures/source_data/figure3_E_sensitivity_specificity.tsv	True	559	e2b3f85b87a642d323e234f3feae673d929028c1a14710bab9de06bb3bc850fa
allow_dir:figures/source_data	figures/source_data/figure3_F_stress_summary_heatmap.tsv	release/snra-auditor-v0.1.0-rc1/figures/source_data/figure3_F_stress_summary_heatmap.tsv	True	337	61167994d4b0581b2cc9df1f5ce9ba42c6d646674c668c438d876394144de1f9
allow_dir:figures/source_data	figures/source_data/figure4_A_dataset_platform_overview.tsv	release/snra-auditor-v0.1.0-rc1/figures/source_data/figure4_A_dataset_platform_overview.tsv	True	273	83e1493a9cdb990f5ce79bab6df530c7ee4f8d3766683a55ddc4b93c1796f49f
allow_dir:figures/source_data	figures/source_data/figure4_B_performance_by_available_platform.tsv	release/snra-auditor-v0.1.0-rc1/figures/source_data/figure4_B_performance_by_available_platform.tsv	True	273	83e1493a9cdb990f5ce79bab6df530c7ee4f8d3766683a55ddc4b93c1796f49f
allow_dir:figures/source_data	figures/source_data/figure4_C_robust_claim_rate.tsv	release/snra-auditor-v0.1.0-rc1/figures/source_data/figure4_C_robust_claim_rate.tsv	True	111	429d9cb586250c64d609f43c2f8bdd7cc519f7772c914942700b16aef2f32fb1
allow_dir:figures/source_data	figures/source_data/figure4_D_false_positive_reduction.tsv	release/snra-auditor-v0.1.0-rc1/figures/source_data/figure4_D_false_positive_reduction.tsv	True	866	34cebd397660efc755383ab96afc16e853fc480cc66c9b1dea7fd6c137f397c9
allow_dir:figures/source_data	figures/source_data/figure4_E_runtime_memory_scaling.tsv	release/snra-auditor-v0.1.0-rc1/figures/source_data/figure4_E_runtime_memory_scaling.tsv	True	151	46a8540468ec69a2181ee6ddabb5c732f5f89d88532977456a2e6e153b306f41
allow_dir:figures/source_data	figures/source_data/figure4_F_benchmark_summary_ranking.tsv	release/snra-auditor-v0.1.0-rc1/figures/source_data/figure4_F_benchmark_summary_ranking.tsv	True	301	549a9df3c3cb3a361b74ca531d74af81be3f5a7fb33a94169e4d5c9f8e0c0a70
allow_dir:figures/source_data	figures/source_data/figure5_A_tonic_tissue_map.tsv	release/snra-auditor-v0.1.0-rc1/figures/source_data/figure5_A_tonic_tissue_map.tsv	True	369626	2147e4750e607f9580fb8571cd3938dff893d095deb0215879c66776c11e3434
allow_dir:figures/source_data	figures/source_data/figure5_B_uncalibrated_niche_claim.tsv	release/snra-auditor-v0.1.0-rc1/figures/source_data/figure5_B_uncalibrated_niche_claim.tsv	True	62	c4aeb58b02d9d7fbe843099d8ced572ba15651081c80c8afeb5a2da8a28167e5
allow_dir:figures/source_data	figures/source_data/figure5_C_matched_negative_control_distribution.tsv	release/snra-auditor-v0.1.0-rc1/figures/source_data/figure5_C_matched_negative_control_distribution.tsv	True	131	a15558071008625ddb58dd23409e228e511e5272cf2cba056a0b2b2beac24987
allow_dir:figures/source_data	figures/source_data/figure5_D_robustness_score_ci.tsv	release/snra-auditor-v0.1.0-rc1/figures/source_data/figure5_D_robustness_score_ci.tsv	True	1076	e4de91ae9a0c48da55063f4e2989a11d38f83a6118b0780d52acf28ec4e159a7
allow_dir:figures/source_data	figures/source_data/figure5_E_surviving_or_rejected_claim.tsv	release/snra-auditor-v0.1.0-rc1/figures/source_data/figure5_E_surviving_or_rejected_claim.tsv	True	462	3cadba1093421784d3b872775092e890a28dc184bc6b0c2f61240308d86c5865
allow_dir:figures/source_data	figures/source_data/figure5_F_corrected_biological_interpretation.tsv	release/snra-auditor-v0.1.0-rc1/figures/source_data/figure5_F_corrected_biological_interpretation.tsv	True	201	b0a10aa02974b1302eff606d4561362f9aa77ceb0092e6d1905d749d0dd4b60d
allow_dir:figures/source_data	figures/source_data/figure6_A_cli_api_workflow.tsv	release/snra-auditor-v0.1.0-rc1/figures/source_data/figure6_A_cli_api_workflow.tsv	True	183	9e44188f8cf8b3faab93a6321e3ee4e1d46b990373a3aa612c4e96571ddfef7f
allow_dir:figures/source_data	figures/source_data/figure6_B_input_output_schema.tsv	release/snra-auditor-v0.1.0-rc1/figures/source_data/figure6_B_input_output_schema.tsv	True	183	086d4bbbad1bcdadf43bbb9fa33325fef8b07545946e21ba0da13f9655aad0ed
allow_dir:figures/source_data	figures/source_data/figure6_C_audit_report_example.tsv	release/snra-auditor-v0.1.0-rc1/figures/source_data/figure6_C_audit_report_example.tsv	True	156	cf3f1a23ff223860f7989aa2faaf966a2a5cefa60ef6b30351ff99d61a11ea27
allow_dir:figures/source_data	figures/source_data/figure6_D_runtime_memory_scaling.tsv	release/snra-auditor-v0.1.0-rc1/figures/source_data/figure6_D_runtime_memory_scaling.tsv	True	145	0b6b6fab97a73872e0f89e9191777aea7c02383bce9ebf078d331aa0cd375e96
allow_dir:figures/source_data	figures/source_data/figure6_E_documentation_structure.tsv	release/snra-auditor-v0.1.0-rc1/figures/source_data/figure6_E_documentation_structure.tsv	True	147	26b4b18848fa13ce61d763b780f5482e8ca7d121ffb933fdd21ae774eb2eb7fe
allow_dir:figures/source_data	figures/source_data/figure6_F_reproducibility_checklist.tsv	release/snra-auditor-v0.1.0-rc1/figures/source_data/figure6_F_reproducibility_checklist.tsv	True	92	7e68e0ce9cd52f1d129af6cbebba484a355b80f7d5d7989ba6f8fcd17a965697
allow_dir:figures/source_data	figures/source_data/snra_nm_figure_source_index_v3_0.tsv	release/snra-auditor-v0.1.0-rc1/figures/source_data/snra_nm_figure_source_index_v3_0.tsv	True	8437	7d01de905d3b57349ebb0ed97520a51eb90ca1fe69b4ed4b89c53e9915f3e420
allow_dir:figures/captions	figures/captions/figure1_caption.md	release/snra-auditor-v0.1.0-rc1/figures/captions/figure1_caption.md	True	1177	cfe24445764e802d3f2adddd82021078d1caa1793b52723156645af443d320a8
allow_dir:figures/captions	figures/captions/figure2_caption.md	release/snra-auditor-v0.1.0-rc1/figures/captions/figure2_caption.md	True	1140	8c29c510c1fb5e985efcad946996c292ad3013c35af807c6a689669a87dd4d0d
allow_dir:figures/captions	figures/captions/figure3_caption.md	release/snra-auditor-v0.1.0-rc1/figures/captions/figure3_caption.md	True	1252	4a74322dd89349213ffcc1f4454208d0f73c17196de2abd14842589a2bf49302
allow_dir:figures/captions	figures/captions/figure4_caption.md	release/snra-auditor-v0.1.0-rc1/figures/captions/figure4_caption.md	True	1151	ca36131d147ccd0eed42a3fdd69235283be7186fa16afabe43c029e62cb9651a
allow_dir:figures/captions	figures/captions/figure5_caption.md	release/snra-auditor-v0.1.0-rc1/figures/captions/figure5_caption.md	True	1091	10c897e113563aa0f2f5f63cf6ddac825a39d4223e3622d39dc38cffe8ab661d
allow_dir:figures/captions	figures/captions/figure6_caption.md	release/snra-auditor-v0.1.0-rc1/figures/captions/figure6_caption.md	True	1062	3abe14d18979dbc0bb98d268ea98d694218308f3ce177283210ddda6dc92578d
allow_dir:figures/visual_qc	figures/visual_qc/snra_final_artwork_v1_1_qc.tsv	release/snra-auditor-v0.1.0-rc1/figures/visual_qc/snra_final_artwork_v1_1_qc.tsv	True	2751	e9f9b89b70c6da44b7214a188de4845a6fef0d6eac147c49bd3eaa8c3b1e15ba
allow_dir:figures/visual_qc	figures/visual_qc/snra_final_figure_file_manifest_v1_0.tsv	release/snra-auditor-v0.1.0-rc1/figures/visual_qc/snra_final_figure_file_manifest_v1_0.tsv	True	5548	28f46c16c20f51653e534d34cf711304a573367200916dd818cdaf68555387ad
allow_dir:figures/visual_qc	figures/visual_qc/snra_final_figure_panel_source_qc_v1_0.tsv	release/snra-auditor-v0.1.0-rc1/figures/visual_qc/snra_final_figure_panel_source_qc_v1_0.tsv	True	727	53d9c4a83e67d52de4935f6413a99ff46ec7b0d07a505a35b489408c3689c607
allow_dir:figures/visual_qc	figures/visual_qc/SNRA_NatureMethods_v3_0_visual_audit_report.md	release/snra-auditor-v0.1.0-rc1/figures/visual_qc/SNRA_NatureMethods_v3_0_visual_audit_report.md	True	3587	afbb0de9638496f7355daac8764362c32fcac6c94f4cc80470858dfe83b26cfc
allow_dir:figures/visual_qc	figures/visual_qc/snra_nm_visual_qc_report_v3_0.tsv	release/snra-auditor-v0.1.0-rc1/figures/visual_qc/snra_nm_visual_qc_report_v3_0.tsv	True	4958	25957ba8c0c7c39ae64d23ecd0adb050b4da0fa0db86549168a5ec9a586d2647
allow_dir:notebooks	notebooks/SNRA_quickstart_tutorial_v1_0.ipynb	release/snra-auditor-v0.1.0-rc1/notebooks/SNRA_quickstart_tutorial_v1_0.ipynb	True	4486	2c83b0568eadad9b66f9f780f8a0ebdeba0f93c59adec56a32224b6bf356d54f
