dataset_key	dataset_name	accession_or_record	source_url	dataset_doi_or_persistent_id	source_paper_citation	source_paper_doi_or_url	platform	spatial_unit	snra_local_units_used	label_source	snra_role	license_or_access_note	verification_status	claim_boundary
tonic_sbiad1288_breast_mibi	TONIC metastatic TNBC MIBI / SpaceCat imaging data	BioStudies BioImages S-BIAD1288; Zenodo SpaceCat analysis files 10.5281/zenodo.14112852	https://www.ebi.ac.uk/biostudies/studies/S-BIAD1288	S-BIAD1288	Greenwald et al. Temporal and spatial composition of the tumor microenvironment predicts response to immune checkpoint inhibition in metastatic TNBC. Nature Cancer 2026.	https://doi.org/10.1038/s43018-026-01114-5	MIBI highly multiplexed imaging	single cells and compartment masks/FOV-level imaging features	257 available FOVs for lineage-stratified boundary audit; digest uses four boundary/cap rows	source-study tumor compartment masks and official cell phenotype table merged locally; SNRA derived lineage-stratified cancer/stroma boundary tasks	primary current cell-level validation layer after lineage stratification	public BioStudies/BioImages imaging data; cite source paper and data repository	verified_public_record_and_source_paper	Supports lineage-framed boundary robustness under SNRA controls; does not prove causal tumor-immune mechanism or de novo niche discovery.
crc_st_pathology_zenodo_7760264	CRC ST pathology-domain Visium dataset	Zenodo 10.5281/zenodo.7760264	https://zenodo.org/records/7760264	10.5281/zenodo.7760264	Valdeolivas et al. Profiling the heterogeneity of colorectal cancer consensus molecular subtypes using spatial transcriptomics. npj Precision Oncology 8, 10 (2024).	https://doi.org/10.1038/s41698-023-00488-4	10x Visium spatial transcriptomics	spots with pathologist anatomical categories	14 samples; 20,725 joined spots; 56 audit label rows	pathologist spot annotations supplied by the source dataset; marker-derived composition proxies generated locally for SNRA controls	independent spot-level pathology-domain composition-aware validation	Zenodo open dataset; source article is CC BY 4.0	verified_public_record_and_source_paper	Supports spot-level pathology-domain robustness under coarse composition-aware controls; not cell-level validation or exact deconvolution.
wu_breast_visium_zenodo_4739739	Wu breast cancer Visium spatial transcriptomics data	Zenodo 10.5281/zenodo.4739739	https://zenodo.org/records/4739739	10.5281/zenodo.4739739	Wu et al. A single-cell and spatially resolved atlas of human breast cancers. Nature Genetics 53, 1334-1347 (2021).	https://doi.org/10.1038/s41588-021-00911-1	10x Visium spatial transcriptomics	spots with tissue/spot pathological metadata	6 samples; 15,599 joined spots; 23 audit label rows	source metadata with clinical and spot pathological details; marker-derived breast composition proxies generated locally for SNRA controls	supporting independent breast spot-level validation layer	Zenodo open dataset; cite source paper and dataset DOI	verified_public_record_and_source_paper	Supports breast spot-level pathology-domain robustness; not main validation because n=6 and controls are spot-level marker proxies.
bcc_cosmx_zenodo_14330691	Human basal-cell carcinoma 6k-plex CosMx SMI dataset	Zenodo 10.5281/zenodo.14330691	https://zenodo.org/records/14330691	10.5281/zenodo.14330691	Yerly, Andreatta et al. Single-cell spatial transcriptomics dataset and wound-response study of human basal-cell carcinoma. bioRxiv 2024/2025 preprint.	https://doi.org/10.1101/2024.05.31.596823	CosMx SMI 6k-plex single-cell spatial transcriptomics	segmented cells with x/y coordinates, cell type labels, FOV and morphology metadata	232,802 metadata cells; 63,092 morphology-QC cells; 27 morphology FOVs; 2 morphology patients	source Seurat metadata; morphology labels are FOV-level and cell-type labels are transfer-derived	supporting cell-level FOV/block stress test; not definitive validation	Zenodo CC BY 4.0 dataset record	verified_public_record_and_preprint_reference	Supports SNRA's ability to detect FOV-block dependence; does not provide definitive independent tumor-domain validation.
g5_container_package_inputs	CRC ST and Wu breast inputs used for containerized package endpoint benchmark	Derived from Zenodo 10.5281/zenodo.7760264 and 10.5281/zenodo.4739739	https://zenodo.org/records/7760264; https://zenodo.org/records/4739739	10.5281/zenodo.7760264; 10.5281/zenodo.4739739	Valdeolivas et al. npj Precision Oncology 2024; Wu et al. Nature Genetics 2021.	https://doi.org/10.1038/s41698-023-00488-4; https://doi.org/10.1038/s41588-021-00911-1	10x Visium benchmark inputs processed through Squidpy, CellCharter, and SpaceFlow adapters	spot-level package endpoint rows	1,040 package benchmark detail rows; 0 failed rows	package endpoint outputs and matched stress-control labels generated locally from CRC/Wu inputs	package endpoint stress-control benchmark	inherits source dataset access notes; package citations are recorded separately in snra_verified_citation_table_v1_0.tsv	derived_resource_with_verified_parent_datasets	Supports package endpoint calibration under stress controls; not global package ranking or SNRA superiority over upstream tools.
schurch2020_crc_codex_cellneighs	Schurch 2020 CRC CODEX cellular-neighborhood dataset	TCIA CRC_FFPE-CODEX_CELLNEIGHS; Mendeley Data 10.17632/mpjzbtfgfr.1	https://www.cancerimagingarchive.net/collection/crc_ffpe-codex_cellneighs/	10.17632/mpjzbtfgfr.1	Schurch et al. Coordinated Cellular Neighborhoods Orchestrate Antitumoral Immunity at the Colorectal Cancer Invasive Front. Cell 2020.	https://doi.org/10.1016/j.cell.2020.07.005	CODEX multiplexed tissue imaging	segmented cells from tumor-invasive-front tissue regions	104,891 local cells; 140 regions; 980 audit rows	source-study conserved cellular-neighborhood labels	independent supporting cell-level validation layer	TCIA/Mendeley public resource; cite source paper and data record	verified_public_record_and_source_paper	Supports independent cell-level cellular-neighborhood robustness; not pathologist-drawn anatomical tumor-domain validation.
keren2018_tnbc_mibi	Keren 2018 triple-negative breast cancer MIBI-TOF dataset	Bioconductor SpatialDatasets / original MIBI resource	https://bioconductor.org/packages/SpatialDatasets/	source_dataset_via_SpatialDatasets	Keren et al. A Structured Tumor-Immune Microenvironment in Triple Negative Breast Cancer Revealed by Multiplexed Ion Beam Imaging. Cell 2018.	https://doi.org/10.1016/j.cell.2018.08.039	MIBI-TOF multiplexed imaging	segmented cells	32,000 local cells across 40 images in first-pass adapter	cellType labels from source data	supporting cell-level stress/sensitivity resource	cite SpatialDatasets and original source paper	verified_source_package_and_paper	Supports cell-type spatial organization stress testing; not a positive tumor-domain validation layer.
jacksonfischer2020_breast_imc	Jackson/Fischer 2020 breast cancer IMC dataset	imcdatasets ExperimentHub; Zenodo 10.5281/zenodo.3518284	https://rdrr.io/github/BodenmillerGroup/imcdatasets/man/JacksonFischer_2020_BreastCancer.html	10.5281/zenodo.3518284	Jackson et al. The single-cell pathology landscape of breast cancer. Nature 2020.	https://doi.org/10.1038/s41586-019-1876-x	Imaging mass cytometry	segmented cells and masks	metadata-only Basel SCE audit loaded 285,851 cells and 45 markers but detected no explicit domain/compartment/margin label	cell clusters/metaclusters and clinical metadata; no explicit manual domain label in audited colData	downgraded validation candidate	ExperimentHub/imcdatasets access; full images can be large	verified_metadata_audit_downgraded	Not positive manual-domain validation unless additional source metadata map tumor/stroma/domain masks to cells.
panoptils_breast_histology	PanopTILs breast tumor microenvironment annotations	PanopTILs public website / Google Drive	https://sites.google.com/view/panoptils/	PMID 38942745; DOI 10.1038/s41523-024-00663-1	Liu et al. A panoptic segmentation dataset and deep-learning approach for explainable scoring of tumor-infiltrating lymphocytes. NPJ Breast Cancer 2024.	https://doi.org/10.1038/s41523-024-00663-1	H&E WSI region and nuclei annotations	ROI regions and nuclei	partial local manual-label adapter uses 59 ROI CSVs, 55 matched masks, 1,745 annotated objects; 56 usable ROIs passed 4/4 shuffle controls	pathologist-approved manual region and nuclei labels	orthogonal manual-label positive validation layer	CC0 1.0 noted by source website; full Drive download requires resume/skip handling	verified_partial_adapter_positive	Useful for manual region/boundary geometry validation; not spatial-omics expression/protein evidence.
